date,clicks,conversions,cost,industry,customer,publisher,target_cpa
2019-10-21,3780,45,4526.27,W,1,C,40
2019-10-21,1136,35,572.33,V,4,C,35
2019-10-17,1937,33,1870.41,T,6,B,25
2019-10-17,80,17,88.39,V,4,A,35
2019-10-17,638,13,691.36,Y,3,C,25
2019-10-17,400,2,129.08,U,5,C,25
2019-10-19,211,4,139.37,W,1,E,40
2019-10-17,11,0,11.19,T,7,B,15
2019-10-19,165,1,71.77,U,5,C,25
2019-10-22,1280,9,797.44,U,5,C,25
2019-10-22,636,30,487.97,W,1,E,40
2019-10-17,43,0,42.37,T,6,E,25
2019-10-21,31,0,31.08,Y,3,D,25
2019-10-18,11,0,10.89,U,2,C,25
2019-10-22,23,6,21.74,T,6,A,25
2019-10-23,3456,83,3495.05,W,1,C,40
2019-10-23,116,1,71.71,V,4,B,35
2019-10-23,165,6,141.33,U,5,A,25
2019-10-23,5,0,5.6,W,1,H,40
2019-10-24,15,0,13.33,T,6,C,25
2019-10-25,1095,43,1202.71,W,1,E,40
2019-10-25,33,11,33.52,V,4,A,35
2019-10-25,9,3,7.91,T,6,E,25
2019-10-26,253,3,103.25,W,1,B,40
2019-10-26,5,1,4.82,T,6,B,25
2019-10-27,121,3,139.2,Y,3,E,25
2019-10-27,69,9,79.43,T,7,A,15
2019-10-27,6,0,6.03,U,2,B,25
2019-10-28,4699,90,4652.55,W,1,C,40
2019-10-28,914,11,567.69,V,4,C,35
2019-10-29,358,13,304.81,Y,3,C,25
2019-10-29,909,18,594.84,V,4,C,35
2019-10-29,115,35,137.21,T,6,A,25
2019-10-29,83,16,63.14,T,7,A,15
2019-10-29,37,1,28.43,U,2,B,25
2019-10-30,46,2,54.97,T,6,C,25
2019-10-30,9,9,9.06,T,6,A,25
2019-10-31,3759,63,4961.89,W,1,E,40
2019-11-01,1729,69,1669.51,T,6,E,25
2019-10-31,24,0,10.99,V,4,B,35
2019-11-01,341,5,296.8,W,1,D,40
2019-11-01,10,0,10.44,T,6,B,25
2019-10-31,185,4,179.62,T,7,C,15
2019-11-01,57,1,48.79,V,4,B,35
2019-11-01,142,6,89.13,T,7,B,15
2019-10-31,42,1,36.73,T,7,B,15
2019-10-31,6,3,4.12,Y,3,A,25
2019-11-01,62,6,52.24,Y,3,A,25
2019-10-31,4,4,1.95,U,5,C,25
2019-11-02,336,3,133.72,W,1,B,40
2019-11-02,31,9,30.48,T,6,E,25
2019-11-03,9,2,7.02,V,4,A,35
2019-11-03,20,1,10.52,T,7,A,15
2019-11-04,1890,533,1776.26,T,6,A,25
2019-11-04,426,33,294.15,U,2,C,25
2019-11-06,12601,251,9459.7,W,1,C,40
2019-11-06,371,2,414.84,Y,3,B,25
2019-11-07,33,6,24.55,V,4,A,35
2019-11-07,15,3,7.29,T,7,E,15
2019-11-08,2169,38,2074.55,W,1,B,40
2019-11-08,11,1,10.23,V,4,E,35
2019-11-09,149,2,117.11,Y,3,C,25
2019-11-10,42,5,31.1,U,2,C,25
2019-11-10,6,2,2.42,T,7,E,15
2019-11-10,14,2,10.13,V,4,A,35
2019-11-11,3696,25,3208.02,W,1,D,40
2019-11-11,125,2,117.9,Y,3,B,25
2019-11-12,10456,259,7604.44,W,1,C,40
2019-11-12,147,0,125.34,V,4,B,35
2019-11-12,54,1,21.82,T,7,C,15
2019-11-12,10,0,8.44,V,4,E,35
2019-11-12,44,1,37.65,T,6,C,25
2019-11-13,8,0,4.86,V,4,E,35
2019-11-14,1509,65,874.87,W,1,E,40
2019-11-14,301,5,299.46,T,6,B,25
2019-11-14,4,14,1.6,U,2,C,25
2019-11-15,1623,24,1596.96,W,1,B,40
2019-11-15,89,2,84.35,Y,3,E,25
2019-11-15,41,2,40.01,T,6,B,25
2019-11-16,829,10,755.94,W,1,B,40
2019-11-16,6,0,5.04,V,4,E,35
2019-11-18,156,5,133.21,U,2,C,25
2019-11-19,3880,83,2408.7,W,1,D,40
2019-11-19,3113,87,1932.57,W,1,E,40
2019-11-19,29,0,29.05,V,4,B,35
2019-11-20,4069,63,3896.37,W,1,B,40
2019-11-20,2816,89,1833.53,W,1,E,40
2019-11-20,213,6,189.23,U,2,B,25
2019-11-21,261,16,285.47,Y,3,A,25
2019-11-21,79,3,69.76,Y,3,C,25
2019-11-22,1960,55,1421.25,W,1,B,40
2019-11-23,26,8,25.01,T,6,A,25
2019-11-23,2,0,2.3,W,1,H,40
2019-11-24,419,15,220.22,W,1,D,40
2019-11-24,19,0,21.02,Y,3,B,25
2019-11-25,108,5,85.03,U,2,B,25
2019-11-26,4345,197,4126.13,T,6,C,25
2019-11-26,173,0,115.84,V,4,B,35
2019-11-26,179,15,102.74,W,1,D,40
2019-11-26,11,1,12.7,V,4,E,35
2019-10-16,94,0,112.99,Y,3,B,25
2019-10-16,58,0,61.66,W,1,C,40
2019-10-16,4,0,3.07,U,5,A,25
2019-10-21,408,6,453.63,U,5,A,25
2019-10-18,242,0,215.48,Y,3,C,25
2019-10-22,111,25,108.04,T,6,E,25
2019-10-19,74,3,62.62,V,4,A,35
2019-10-18,19,1,18.27,T,6,A,25
2019-10-19,8,0,5.69,T,6,E,25
2019-10-18,1,0,0.76,U,2,B,25
2019-10-23,664,14,283.71,W,1,B,40
2019-10-23,1065,22,1111.45,W,1,E,40
2019-10-23,357,12,341.73,T,7,E,15
2019-10-24,180,5,186.83,Y,3,E,25
2019-10-25,359,9,466.48,T,7,E,15
2019-10-26,204,2,132.89,V,4,C,35
2019-10-26,228,5,212.11,Y,3,C,25
2019-10-27,1770,19,1975.14,W,1,C,40
2019-10-27,213,1,188.33,Y,3,B,25
2019-10-27,31,0,25.88,V,4,E,35
2019-10-27,17,3,12.41,U,5,A,25
2019-10-28,169,7,197.02,Y,3,E,25
2019-10-28,388,107,378.61,T,6,A,25
2019-10-29,15413,224,13517.73,W,1,C,40
2019-10-29,295,6,308.01,T,7,C,15
2019-10-29,22,1,20.24,U,5,A,25
2019-10-30,138,4,179.74,Y,3,E,25
2019-10-30,175,4,136.41,T,7,C,15
2019-10-30,30,1,24.65,U,2,B,25
2019-10-31,379,16,187.81,W,1,B,40
2019-10-31,12,5,14.68,T,6,E,25
2019-11-01,120,1,138.85,W,1,H,40
2019-10-31,169,7,209.65,T,7,E,15
2019-11-01,114,1,152.46,T,7,E,15
2019-10-31,44,1,49.97,V,4,E,35
2019-11-02,153,2,133.57,Y,3,C,25
2019-11-02,57,1,54.33,T,6,B,25
2019-11-03,2079,73,2711.9,W,1,C,40
2019-11-03,261,1,251.79,Y,3,B,25
2019-11-03,109,1,132.88,Y,3,E,25
2019-11-03,120,4,97.91,T,7,C,15
2019-11-03,6,0,4.1,V,4,E,35
2019-11-04,402,7,332.52,Y,3,C,25
2019-11-04,14,1,14.24,U,2,E,25
2019-11-05,517,30,377.25,U,2,C,25
2019-11-05,280,0,306.45,Y,3,B,25
2019-11-05,69,5,66.15,T,6,C,25
2019-11-05,167,5,210.19,Y,3,E,25
2019-11-06,10,15,9.62,T,6,A,25
2019-11-06,28,5,26.68,T,6,C,25
2019-11-07,134,11,88.23,U,2,C,25
2019-11-08,2520,80,2991.29,W,1,E,40
2019-11-08,5,0,4.41,T,6,B,25
2019-11-09,4725,121,4887.21,W,1,C,40
2019-11-09,140,3,74.16,V,4,C,35
2019-11-09,69,0,61.95,U,2,B,25
2019-11-10,209,4,127.11,V,4,C,35
2019-11-11,2510,45,2554.79,W,1,B,40
2019-11-11,38,0,34.04,V,4,E,35
2019-11-12,3023,72,2394.98,W,1,E,40
2019-11-12,2807,43,2601.29,W,1,B,40
2019-11-12,10,2,9.63,T,6,B,25
2019-11-13,1299,47,638.81,W,1,E,40
2019-11-13,1540,38,1446.22,W,1,B,40
2019-11-13,21,2,19.47,T,6,B,25
2019-11-14,151,6,118.03,Y,3,C,25
2019-11-14,135,20,112.09,Y,3,A,25
2019-11-14,2624,181,2544.56,T,6,E,25
2019-11-15,2668,33,1526.16,W,1,D,40
2019-11-15,2335,54,1612.66,W,1,E,40
2019-11-15,67,9,65.36,T,6,E,25
2019-11-15,246,12,192.24,Y,3,A,25
2019-11-16,1729,69,1098.3,W,1,E,40
2019-11-16,12,3,11.3,T,6,B,25
2019-11-17,182,7,65.62,V,4,C,35
2019-11-18,1192,18,783.1,V,4,C,35
2019-11-18,132,6,113.77,U,2,B,25
2019-11-18,10,23,9.37,T,6,A,25
2019-11-19,182,16,134.03,Y,3,A,25
2019-11-20,3245,62,1974.63,W,1,D,40
2019-11-20,6,0,5.57,T,6,B,25
2019-11-20,31,2,29.36,V,4,B,35
2019-11-20,8,8,7.87,T,6,E,25
2019-11-21,47,7,63.79,V,4,A,35
2019-11-23,33,0,25.68,Y,3,C,25
2019-11-24,191,0,139.05,V,4,B,35
2019-11-24,5,0,5.84,W,1,H,40
2019-11-24,8,0,5.43,V,4,E,35
2019-11-25,467,16,240.15,W,1,D,40
2019-11-25,11,0,8.91,Y,3,B,25
2019-11-26,2637,37,3161.72,W,1,B,40
2019-11-26,18,0,23.37,W,1,H,40
2019-11-27,648,28,623.33,T,6,E,25
2019-11-28,579,7,455.25,W,1,B,40
2019-11-28,14,1,11.86,Y,3,C,25
2019-11-28,10,0,9.71,V,4,E,35
2019-11-29,288,4,150.77,V,4,C,35
2019-11-29,61,0,37.44,U,2,B,25
2019-11-29,110,37,101.85,T,6,A,25
2019-11-30,3268,81,1940.51,W,1,C,40
2019-11-30,185,0,105.67,V,4,B,35
2019-11-30,13,6,7.04,W,1,D,40
2019-12-01,5,0,4.46,Y,3,C,25
2019-12-01,428,9,219.76,V,4,C,35
2019-12-01,9,0,8.31,T,6,B,25
2019-12-02,882,44,836.45,T,6,C,25
2019-12-02,1560,426,1489.78,T,6,A,25
2019-12-03,581,21,483.6,U,2,C,25
2019-12-03,15,0,20.52,W,1,H,40
2019-12-04,6,8,3.74,W,1,D,40
2019-12-04,38,1,37.27,T,6,B,25
2019-12-05,61,3,45.35,V,4,A,35
2019-12-05,429,28,799.33,Y,3,A,25
2019-12-05,13,1,12.85,T,6,B,25
2019-12-06,281,17,529.01,Y,3,A,25
2019-12-06,30,1,24.59,Y,3,C,25
2019-12-06,408,9,292.0,W,1,E,40
2019-12-07,71,2,54.09,U,2,B,25
2019-12-08,219,3,78.98,V,4,C,35
2019-12-08,186,5,136.08,U,2,C,25
2019-12-08,21,0,17.51,Y,3,C,25
2019-12-09,2909,92,1663.14,W,1,C,40
2019-12-09,255,20,182.19,U,2,C,25
2019-12-09,349,12,139.22,V,4,C,35
2019-12-10,2832,108,1628.02,W,1,C,40
2019-12-10,675,0,589.55,Y,3,B,25
2019-12-10,35,0,29.48,V,4,B,35
2019-12-11,437,4,383.78,Y,3,B,25
2019-12-11,10,1,9.37,T,6,C,25
2019-12-11,69,0,57.99,V,4,B,35
2019-12-17,2381,70,1355.8,V,4,C,35
2019-12-12,1009,18,851.49,W,1,B,40
2019-12-15,738,7,546.85,W,1,B,40
2019-12-17,755,59,813.14,V,4,A,35
2019-12-16,321,8,319.2,V,4,B,35
2019-12-15,476,8,511.32,W,1,E,40
2019-12-18,488,6,544.71,W,1,E,40
2019-12-13,216,8,203.38,Y,3,C,25
2019-12-14,427,5,334.39,U,2,C,25
2019-12-18,378,11,278.22,U,2,B,25
2019-12-14,10,1,11.52,W,1,H,40
2019-12-17,5,1,3.69,U,2,E,25
2019-12-12,66,1,58.72,Y,3,E,25
2019-12-16,9,1,8.23,T,6,C,25
2019-12-19,1150,30,1039.91,V,4,C,35
2019-12-19,1,0,0.69,W,1,F,40
2019-12-20,34,1,29.09,V,4,B,35
2019-12-23,155,6,111.23,U,2,B,25
2019-12-23,418,5,261.52,W,1,C,40
2019-12-24,122,4,99.04,V,4,B,35
2019-12-25,797,0,725.07,V,4,H,35
2019-12-26,22,2,21.3,W,1,C,40
2019-12-27,965,4,708.56,U,5,C,25
2019-12-28,297,7,171.28,U,2,C,25
2019-12-28,77,0,63.64,U,5,E,25
2019-12-30,517,37,283.92,U,2,C,25
2019-12-30,61,0,64.35,W,1,B,40
2019-12-30,36,0,32.31,U,5,E,25
2019-12-31,215,2,129.52,U,5,C,25
2020-01-02,7,0,6.47,Y,3,C,25
2020-01-03,136,26,189.3,V,4,A,35
2020-01-03,16,0,15.16,Y,3,B,25
2020-01-04,60,3,72.04,V,4,A,35
2020-01-04,54,5,53.62,Y,3,A,25
2020-01-05,3,0,2.93,Y,3,E,25
2020-01-06,264,19,164.16,U,2,C,25
2020-01-06,308,22,297.94,Y,3,A,25
2020-01-06,3,0,0.6,U,2,A,25
2020-01-07,19,2,10.27,V,4,F,35
2020-01-07,2,0,1.99,V,4,H,35
2020-01-08,157,1,80.46,U,5,C,25
2020-01-09,160,11,227.94,Y,3,A,25
2020-01-11,3,3,4.5,Y,3,B,25
2020-01-11,3,1,3.39,W,1,C,40
2020-01-12,266,7,208.71,U,2,B,25
2020-01-13,305,11,233.97,U,2,B,25
2020-01-13,696,15,763.32,U,5,A,25
2020-01-14,320,15,255.48,U,2,B,25
2019-10-16,8,0,7.49,T,6,C,25
2019-10-19,2,0,1.35,T,7,B,15
2019-10-23,15,1,13.21,T,6,C,25
2019-11-19,16,8,15.19,T,6,E,25
2019-11-28,17,1,10.32,U,2,C,25
2019-11-27,1,0,0.03,T,7,B,15
2019-12-08,7,0,6.52,T,6,B,25
2019-12-09,16,0,14.96,T,6,C,25
2019-12-11,8,5,6.05,W,1,D,40
2019-12-11,5,0,2.89,V,4,E,35
2020-01-01,1,0,1.18,W,1,E,40
2020-01-06,8,1,5.5,V,4,F,35
2020-01-10,2,1,1.29,V,4,F,35
2019-10-20,1,0,0.78,U,2,C,25
2019-10-22,6,0,3.46,W,1,D,40
2019-11-22,2,6,2.04,U,2,C,25
2019-11-24,2,1,1.91,T,6,E,25
2019-12-05,2,4,1.98,T,6,E,25
2019-12-06,2,3,1.95,T,6,E,25
2019-12-10,2,0,1.55,V,4,E,35
2019-12-18,2,0,1.7,U,2,E,25
2019-12-16,5,0,5.61,W,1,H,40
2019-12-14,1,3,0.99,T,6,E,25
2019-12-26,3,0,1.27,U,2,E,25
2019-11-27,510,17,358.59,W,1,E,40
2019-11-27,153,3,145.06,T,6,B,25
2019-11-27,113,0,78.85,V,4,B,35
2019-11-28,89,10,158.95,Y,3,A,25
2019-11-29,161,8,144.03,T,6,C,25
2019-11-29,6,0,5.49,Y,3,E,25
2019-11-30,266,3,134.69,V,4,C,35
2019-11-30,67,0,40.18,U,2,B,25
2019-12-01,483,15,411.56,W,1,B,40
2019-12-02,6099,155,3311.62,W,1,C,40
2019-12-02,444,17,460.1,V,4,A,35
2019-12-03,448,22,840.46,Y,3,A,25
2019-12-03,11,6,6.56,W,1,D,40
2019-12-04,865,29,732.01,W,1,B,40
2019-12-04,100,14,90.85,T,6,C,25
2019-12-04,15,2,11.05,V,4,E,35
2019-12-05,348,19,234.2,W,1,E,40
2019-12-05,33,0,42.33,W,1,H,40
2019-12-06,637,15,601.16,W,1,B,40
2019-12-06,10,3,9.5,T,6,B,25
2019-12-07,129,1,48.06,V,4,C,35
2019-12-07,29,3,23.48,Y,3,C,25
2019-12-07,15,7,13.83,T,6,A,25
2019-12-08,1096,22,1107.25,W,1,B,40
2019-12-09,223,1,275.43,Y,3,C,25
2019-12-09,267,23,345.29,V,4,A,35
2019-12-09,11,0,13.11,Y,3,B,25
2019-12-10,335,8,137.52,V,4,C,35
2019-12-10,216,8,153.56,U,2,B,25
2019-12-11,2721,84,1637.23,W,1,C,40
2019-12-11,190,5,155.42,U,2,B,25
2019-12-12,2565,84,1513.45,W,1,C,40
2019-12-16,2262,36,1260.89,W,1,C,40
2019-12-18,2672,51,2154.48,V,4,C,35
2019-12-12,41,0,51.97,V,4,E,35
2019-12-16,85,1,135.34,V,4,E,35
2019-12-13,3,0,3.45,V,4,A,35
2019-12-12,136,4,94.79,V,4,B,35
2019-12-14,11,0,10.94,T,6,B,25
2019-12-18,8,1,7.62,T,6,C,25
2019-12-20,196,1,239.97,W,1,E,40
2019-12-21,230,11,152.37,U,2,C,25
2019-12-21,102,0,87.4,V,4,F,35
2019-12-22,437,5,251.58,W,1,C,40
2019-12-23,1091,37,1053.53,V,4,C,35
2019-12-24,224,1,159.88,U,5,C,25
2019-12-24,248,3,310.8,U,5,A,25
2019-12-24,180,0,153.43,V,4,H,35
2019-12-24,5,0,7.97,W,1,E,40
2019-12-24,7,0,5.6,V,4,E,35
2019-12-26,747,14,382.06,V,4,C,35
2019-12-26,583,33,391.68,V,4,A,35
2019-12-27,15,0,11.06,W,1,E,40
2019-12-28,158,1,140.09,U,5,B,25
2019-12-28,6,3,3.39,V,4,A,35
2019-12-28,32,0,27.49,V,4,F,35
2019-12-29,58,1,62.76,W,1,C,40
2019-12-30,671,19,841.41,U,5,A,25
2019-12-30,257,5,152.6,U,5,C,25
2019-12-30,447,5,508.64,V,4,B,35
2019-12-31,227,10,212.14,V,4,B,35
2019-12-31,12,0,14.15,W,1,E,40
2020-01-02,600,35,335.16,U,2,C,25
2020-01-04,80,0,49.15,U,5,C,25
2020-01-05,94,8,59.28,V,4,C,35
2020-01-06,668,18,807.33,U,5,A,25
2020-01-06,86,0,128.12,V,4,E,35
2020-01-06,6,0,5.85,U,2,E,25
2020-01-06,2,0,1.42,V,4,H,35
2020-01-07,215,1,137.98,U,5,C,25
2020-01-09,152,0,71.76,U,5,C,25
2020-01-09,72,4,91.77,U,5,A,25
2020-01-10,201,17,161.0,V,4,A,35
2020-01-10,107,1,43.83,U,5,C,25
2020-01-10,154,14,183.94,Y,3,A,25
2020-01-10,3,0,1.23,Y,3,C,25
2020-01-11,6,0,4.98,U,2,E,25
2020-01-11,32,2,27.76,Y,3,E,25
2020-01-12,19,2,16.13,Y,3,E,25
2020-01-12,13,0,11.4,V,4,E,35
2020-01-13,82,1,70.19,Y,3,E,25
2020-01-13,42,0,39.49,U,5,E,25
2020-01-13,119,2,85.62,Y,3,B,25
2020-01-14,13,4,13.42,V,4,C,35
2019-10-23,7,0,6.6,V,4,E,35
2019-10-25,9,1,8.28,T,6,B,25
2019-10-28,6,0,5.3,T,6,C,25
2019-10-31,3,0,3.57,W,1,H,40
2019-10-31,2,0,2.39,U,5,A,25
2019-11-02,1,1,0.98,U,5,C,25
2019-11-07,17,10,17.16,T,6,E,25
2019-11-08,15,0,7.53,T,7,B,15
2019-11-08,8,4,3.28,T,7,E,15
2019-11-09,6,2,2.56,T,7,A,15
2019-11-23,1,0,0.75,U,5,B,25
2019-11-28,23,0,29.5,W,1,H,40
2019-12-10,5,3,3.2,W,1,D,40
2019-12-15,7,1,7.99,W,1,H,40
2019-12-14,3,1,2.43,W,1,D,40
2019-10-16,27,0,26.22,T,6,B,25
2019-10-16,9,0,1.84,U,5,C,25
2019-10-16,9,0,8.16,Y,3,C,25
2019-10-17,308,10,160.16,V,4,C,35
2019-10-18,817,10,746.94,W,1,B,40
2019-10-21,2121,116,2065.97,T,6,E,25
2019-10-19,723,4,494.91,V,4,C,35
2019-10-20,103,3,79.97,V,4,B,35
2019-10-20,42,0,41.93,V,4,E,35
2019-10-22,735,10,178.63,V,4,C,35
2019-10-22,324,7,162.01,Y,3,C,25
2019-10-21,12,0,9.96,V,4,D,35
2019-10-21,438,39,400.94,V,4,A,35
2019-10-18,43,9,36.37,Y,3,E,25
2019-10-17,6,0,5.97,T,7,C,15
2019-10-21,113,4,108.74,T,6,B,25
2019-10-18,159,1,178.58,T,6,D,25
2019-10-22,540,34,500.67,T,7,A,15
2019-10-22,197,6,196.68,T,6,B,25
2019-10-17,156,7,129.52,U,5,A,25
2019-10-20,10,2,9.65,T,6,C,25
2019-10-18,33,0,29.88,V,4,E,35
2019-10-23,118,12,124.75,V,4,A,35
2019-10-24,161,10,95.82,W,1,B,40
2019-10-24,648,0,766.73,T,7,B,15
2019-10-24,19,0,21.14,V,4,E,35
2019-10-24,657,4,558.04,W,1,D,40
2019-10-24,8,0,9.05,W,1,H,40
2019-10-25,2851,63,2825.36,W,1,C,40
2019-10-25,551,5,672.6,T,7,C,15
2019-10-25,107,2,79.79,U,5,A,25
2019-10-26,918,19,1190.88,W,1,E,40
2019-10-26,345,3,446.55,T,7,C,15
2019-10-26,4,1,3.71,T,6,C,25
2019-10-27,738,12,547.86,W,1,D,40
2019-10-27,820,2,1137.92,T,7,B,15
2019-10-27,106,6,95.92,Y,3,A,25
2019-10-28,676,11,307.15,W,1,B,40
2019-10-28,1301,13,1068.59,U,5,C,25
2019-10-28,884,7,626.83,W,1,D,40
2019-10-28,197,5,252.56,T,7,E,15
2019-10-28,452,5,597.98,T,7,B,15
2019-10-28,55,1,53.34,V,4,E,35
2019-10-28,580,41,568.92,T,6,E,25
2019-10-29,5379,111,6563.59,W,1,E,40
2019-10-29,984,22,458.38,W,1,B,40
2019-10-29,201,2,262.84,T,7,B,15
2019-10-29,415,2,280.29,U,5,C,25
2019-10-30,830,27,395.3,W,1,B,40
2019-11-01,894,237,852.87,T,6,A,25
2019-11-01,3942,108,5101.84,W,1,C,40
2019-11-01,13,3,8.52,V,4,A,35
2019-10-31,571,20,385.46,V,4,C,35
2019-10-31,64,10,64.48,T,7,A,15
2019-10-31,119,3,138.79,Y,3,B,25
2019-10-31,181,3,134.02,Y,3,C,25
2019-11-01,19,1,18.43,Y,3,H,25
2019-10-31,21,8,16.3,V,4,A,35
2019-11-02,115,4,81.57,V,4,C,35
2019-11-02,159,6,152.73,T,6,C,25
2019-11-02,145,9,127.9,T,7,C,15
2019-11-03,139,7,113.7,Y,3,A,25
2019-11-03,55,0,37.82,V,4,B,35
2019-11-03,52,2,41.05,T,7,B,15
2019-11-04,749,43,710.98,T,6,C,25
2019-11-04,21,1,20.01,T,6,B,25
2019-11-05,8885,211,7340.3,W,1,C,40
2019-11-05,1034,13,983.04,W,1,D,40
2019-11-05,131,4,117.94,V,4,B,35
2019-11-05,21,0,21.26,U,2,E,25
2019-11-06,60,20,59.9,T,6,E,25
2019-11-06,84,1,72.24,V,4,B,35
2019-11-06,10,0,10.0,T,7,E,15
2019-11-06,1,0,1.16,W,1,H,40
2019-11-07,9222,219,7653.19,W,1,C,40
2019-11-07,46,1,32.32,V,4,B,35
2019-11-08,5939,167,5781.0,W,1,C,40
2019-11-08,84,1,110.97,Y,3,E,25
2019-11-08,218,14,108.22,V,4,C,35
2019-11-08,109,8,70.9,U,2,C,25
2019-11-09,4,1,3.66,T,6,B,25
2019-11-10,4803,100,4865.29,W,1,C,40
2019-11-10,34,0,27.61,V,4,B,35
2019-11-10,51,1,69.08,Y,3,E,25
2019-11-10,53,1,22.67,T,7,C,15
2019-11-10,11,0,10.09,V,4,E,35
2019-11-12,17,7,14.1,U,2,C,25
2019-11-13,101,9,110.92,Y,3,E,25
2019-11-13,4,5,2.7,U,2,C,25
2019-11-14,2000,100,1857.62,T,6,C,25
2019-11-15,603,19,233.66,V,4,C,35
2019-11-15,203,6,151.08,Y,3,C,25
2019-11-15,66,36,62.76,T,6,A,25
2019-11-17,6079,161,4854.05,W,1,C,40
2019-11-17,30,6,27.84,T,6,C,25
2019-11-17,5,14,4.77,T,6,A,25
2019-11-17,10,0,9.14,V,4,E,35
2019-11-18,2898,38,2577.3,W,1,B,40
2019-11-18,37,1,38.6,V,4,E,35
2019-10-21,189,7,171.32,T,7,E,15
2019-10-17,1945,25,2122.71,W,1,C,40
2019-10-22,5266,97,5886.8,W,1,C,40
2019-10-19,1193,9,1695.14,W,1,C,40
2019-10-18,929,18,975.08,W,1,E,40
2019-10-21,513,10,365.8,Y,3,C,25
2019-10-19,92,0,99.87,Y,3,B,25
2019-10-20,356,4,122.96,W,1,B,40
2019-10-18,197,1,112.47,U,5,C,25
2019-10-20,139,2,155.87,T,6,D,25
2019-10-22,139,19,87.96,V,4,A,35
2019-10-17,12,0,9.15,V,4,B,35
2019-10-19,23,0,23.55,U,5,A,25
2019-10-23,796,6,731.85,T,7,C,15
2019-10-23,472,10,203.03,V,4,C,35
2019-10-25,13,1,12.43,T,6,C,25
2019-10-25,35,1,32.36,Y,3,B,25
2019-10-25,255,0,280.59,V,4,B,35
2019-10-25,628,2,544.27,W,1,D,40
2019-10-26,189,1,137.4,U,5,C,25
2019-10-26,3,0,2.46,V,4,D,35
2019-10-27,1169,41,850.95,U,2,C,25
2019-10-27,206,5,270.21,T,7,E,15
2019-10-27,12,1,11.3,V,4,A,35
2019-10-28,5,0,5.62,W,1,H,40
2019-10-29,479,39,613.78,T,6,E,25
2019-10-29,116,13,108.34,V,4,A,35
2019-10-29,59,8,64.43,T,6,B,25
2019-10-30,309,8,253.88,Y,3,C,25
2019-10-30,24,4,25.91,T,6,B,25
2019-11-01,1388,36,1319.12,T,6,C,25
2019-10-31,7421,188,7866.17,W,1,C,40
2019-11-01,212,3,216.68,Y,3,B,25
2019-11-02,20,0,19.52,Y,3,H,25
2019-11-02,153,1,178.97,U,2,B,25
2019-11-03,56,3,76.99,T,7,E,15
2019-11-03,834,9,545.97,W,1,B,40
2019-11-03,22,5,21.08,U,2,C,25
2019-11-04,3884,85,4546.07,W,1,E,40
2019-11-04,993,9,961.82,W,1,D,40
2019-11-05,2396,37,1643.7,W,1,B,40
2019-11-05,226,12,183.79,Y,3,A,25
2019-11-05,25,0,27.31,V,4,E,35
2019-11-05,46,4,57.83,T,7,E,15
2019-11-06,318,19,222.02,U,2,C,25
2019-11-06,2476,30,1810.89,W,1,B,40
2019-11-06,4,0,3.66,T,6,B,25
2019-11-07,1582,21,1194.64,W,1,B,40
2019-11-07,80,8,37.35,T,7,C,15
2019-11-07,120,1,155.92,Y,3,E,25
2019-11-07,27,2,25.41,T,6,C,25
2019-11-07,21,0,18.33,V,4,E,35
2019-11-08,61,0,26.01,T,7,C,15
2019-11-08,14,0,13.22,T,6,C,25
2019-11-09,2306,59,2795.41,W,1,E,40
2019-11-09,783,5,797.15,W,1,D,40
2019-11-09,88,7,73.57,Y,3,A,25
2019-11-09,17,1,10.06,V,4,A,35
2019-11-09,2,0,2.29,W,1,H,40
2019-11-09,16,1,6.46,T,7,B,15
2019-11-09,9,1,3.71,T,7,E,15
2019-11-10,2341,47,2887.99,W,1,E,40
2019-11-10,1022,25,950.31,W,1,B,40
2019-11-10,8,0,7.57,T,6,C,25
2019-11-11,83,13,57.35,U,2,C,25
2019-11-11,104,3,115.63,Y,3,E,25
2019-11-12,1168,19,569.45,V,4,C,35
2019-11-12,337,112,317.67,T,6,A,25
2019-11-13,136,56,127.93,T,6,A,25
2019-11-13,818,11,312.88,V,4,C,35
2019-11-13,123,8,107.11,U,2,B,25
2019-11-14,3290,45,1838.41,W,1,D,40
2019-11-14,738,21,292.33,V,4,C,35
2019-11-14,71,0,72.47,Y,3,B,25
2019-11-14,88,4,81.47,U,2,B,25
2019-11-14,51,2,20.8,T,7,C,15
2019-11-15,90,5,83.88,U,2,B,25
2019-11-16,160,3,130.53,Y,3,C,25
2019-11-16,326,6,109.52,V,4,C,35
2019-11-16,41,0,33.87,U,2,B,25
2019-11-16,22,18,20.85,T,6,A,25
2019-11-16,4,1,3.76,T,7,C,15
2019-11-17,1499,54,983.56,W,1,E,40
2019-11-17,63,1,50.68,U,2,B,25
2019-11-18,3279,89,2000.77,W,1,E,40
2019-11-18,491,10,420.53,Y,3,C,25
2019-11-18,465,11,731.8,V,4,A,35
2019-11-18,7,9,6.9,T,6,E,25
2019-11-19,46,0,39.69,Y,3,B,25
2019-11-19,18,2,17.51,T,6,C,25
2019-11-20,9807,274,7001.26,W,1,C,40
2019-11-21,7795,245,5795.15,W,1,C,40
2019-11-21,33,2,30.32,Y,3,B,25
2019-11-21,69,0,66.5,V,4,B,35
2019-11-21,23,0,19.76,Y,3,E,25
2019-11-22,13,0,9.56,V,4,E,35
2019-11-22,129,10,100.22,U,2,B,25
2019-11-22,21,0,17.87,Y,3,E,25
2019-11-23,796,26,557.33,W,1,E,40
2019-11-23,1372,22,1095.46,W,1,B,40
2019-11-19,13273,327,9322.32,W,1,C,40
2019-11-19,65,10,61.49,V,4,A,35
2019-11-20,430,14,190.09,V,4,C,35
2019-11-20,116,3,97.64,Y,3,C,25
2019-11-20,66,8,87.75,V,4,A,35
2019-11-21,2432,41,1412.65,W,1,D,40
2019-11-21,200,1,177.74,U,2,B,25
2019-11-22,6038,194,4796.81,W,1,C,40
2019-11-22,27,16,25.82,T,6,A,25
2019-11-22,37,0,31.82,Y,3,B,25
2019-11-22,7,0,6.75,T,6,C,25
2019-11-23,22,0,20.0,T,6,C,25
2019-11-24,173,18,202.19,Y,3,A,25
2019-11-24,17,0,14.89,Y,3,C,25
2019-11-25,627,38,373.55,W,1,E,40
2019-11-25,5,0,4.56,T,6,B,25
2019-11-26,62,18,72.41,V,4,A,35
2019-11-27,269,68,245.18,T,6,A,25
2019-11-28,275,10,244.49,T,6,C,25
2019-11-27,27,7,22.7,V,4,A,35
2019-11-29,664,14,548.98,W,1,B,40
2019-11-30,4,3,3.97,T,6,E,25
2019-12-01,15,16,14.38,T,6,A,25
2019-12-01,47,5,43.46,T,6,C,25
2019-12-02,210,3,122.5,V,4,B,35
2019-12-02,11,0,13.97,W,1,H,40
2019-12-03,5053,175,2710.71,W,1,C,40
2019-12-04,568,25,276.39,V,4,C,35
2019-12-04,417,16,298.81,U,2,C,25
2019-12-06,34,4,31.02,T,6,C,25
2019-12-07,971,10,978.62,W,1,B,40
2019-12-08,7,4,6.18,T,6,C,25
2019-12-09,1001,84,1023.25,Y,3,A,25
2019-12-09,254,4,295.46,W,1,H,40
2019-12-09,36,1,32.42,V,4,B,35
2019-12-10,693,11,809.57,Y,3,C,25
2019-12-10,1334,86,1296.82,Y,3,A,25
2019-12-10,10,4,9.62,T,6,E,25
2019-12-11,414,5,481.02,W,1,H,40
2019-12-11,565,7,578.74,Y,3,C,25
2019-12-11,420,9,335.77,W,1,E,40
2019-12-11,21,16,16.19,Y,3,A,25
2019-12-17,602,11,688.86,W,1,E,40
2019-12-13,240,1,195.2,V,4,B,35
2019-12-15,341,10,276.8,U,2,C,25
2019-12-17,4,0,3.33,V,4,H,35
2019-12-14,323,2,250.94,U,2,B,25
2019-12-12,512,21,426.77,U,2,C,25
2019-12-12,6,1,6.75,V,4,A,35
2019-12-18,1347,16,1133.58,V,4,F,35
2019-12-16,14,3,15.62,V,4,A,35
2019-12-17,6,3,5.96,T,6,B,25
2019-12-18,3,1,2.88,T,6,B,25
2019-12-19,325,1,394.29,W,1,E,40
2019-12-20,230,5,138.39,U,2,B,25
2019-12-20,425,11,395.65,V,4,C,35
2019-12-22,99,0,85.5,V,4,H,35
2019-12-23,99,1,65.6,U,5,C,25
2019-12-24,747,19,448.47,V,4,C,35
2019-12-24,844,39,436.61,V,4,A,35
2019-12-25,196,0,159.78,V,4,F,35
2019-12-26,294,3,192.61,U,5,C,25
2019-12-26,4,33,5.33,V,4,B,35
2019-12-26,5,0,8.9,W,1,E,40
2019-12-27,87,7,67.0,U,2,B,25
2019-12-28,955,0,897.29,V,4,H,35
2019-12-28,284,6,336.0,U,5,A,25
2019-12-29,17,0,15.28,U,5,B,25
2019-12-29,23,1,24.77,V,4,B,35
2019-12-30,19,0,15.39,U,5,B,25
2019-12-30,1143,81,887.58,V,4,A,35
2020-01-01,379,18,221.37,U,2,C,25
2020-01-01,46,0,32.96,V,4,F,35
2020-01-01,9,0,8.5,U,5,E,25
2020-01-02,7,0,4.11,Y,3,E,25
2020-01-04,128,7,88.44,V,4,C,35
2020-01-04,10,1,10.46,W,1,C,40
2020-01-05,69,3,40.83,U,5,C,25
2020-01-05,4,0,2.5,Y,3,A,25
2020-01-06,8,0,9.39,W,1,C,40
2020-01-06,5,0,4.77,U,5,E,25
2020-01-07,196,16,84.88,V,4,C,35
2020-01-08,47,0,41.07,U,5,B,25
2020-01-09,248,8,201.83,V,4,C,35
2020-01-09,76,3,51.57,V,4,A,35
2020-01-10,802,14,663.81,V,4,C,35
2020-01-10,231,9,186.58,U,2,B,25
2020-01-10,149,7,181.99,U,5,A,25
2020-01-10,15,0,12.64,U,2,E,25
2020-01-11,105,4,118.14,Y,3,A,25
2020-01-11,13,0,11.21,V,4,E,35
2020-01-14,514,7,366.76,U,5,C,25
2020-01-14,450,165,332.73,U,2,A,25
2019-10-18,5,0,4.4,T,7,C,15
2019-10-23,4,0,3.52,U,2,C,25
2019-11-05,3,0,2.95,Y,3,H,25
2019-11-06,21,0,21.71,V,4,E,35
2019-11-16,2,2,1.21,U,2,C,25
2019-11-20,9,20,8.54,T,6,A,25
2019-12-07,11,0,10.62,T,6,B,25
2019-12-08,2,1,1.72,Y,3,E,25
2019-11-24,14,2,12.6,V,4,A,35
2019-11-25,299,24,410.84,Y,3,A,25
2019-11-24,1,2,1.5,U,2,C,25
2019-11-25,4,2,4.26,T,6,E,25
2019-11-26,2098,519,1990.02,T,6,A,25
2019-11-27,321,5,152.22,V,4,C,35
2019-11-28,99,24,87.55,T,6,A,25
2019-11-27,65,4,39.1,U,2,B,25
2019-11-28,34,0,18.81,U,2,B,25
2019-11-28,8,0,7.34,Y,3,E,25
2019-11-29,329,17,244.11,W,1,E,40
2019-11-29,18,0,15.79,T,6,B,25
2019-11-29,62,2,50.52,U,2,C,25
2019-11-30,287,19,538.99,Y,3,A,25
2019-12-01,53,4,32.74,U,2,B,25
2019-12-01,2,6,1.99,T,6,E,25
2019-12-02,754,13,638.43,W,1,B,40
2019-12-02,26,0,21.81,V,4,E,35
2019-12-03,846,34,746.98,T,6,C,25
2019-12-03,10,0,9.01,V,4,E,35
2019-12-04,57,3,39.84,U,2,B,25
2019-12-04,17,23,16.04,T,6,A,25
2019-12-05,537,22,245.64,V,4,C,35
2019-12-05,87,5,66.15,U,2,B,25
2019-12-06,386,9,145.75,V,4,C,35
2019-12-06,61,0,44.08,U,2,B,25
2019-12-07,241,15,443.78,Y,3,A,25
2019-12-08,91,0,73.37,U,2,B,25
2019-12-08,12,12,11.57,T,6,A,25
2019-12-09,463,7,335.01,W,1,E,40
2019-12-09,1324,27,1168.56,W,1,B,40
2019-12-10,78,12,124.51,V,4,A,35
2019-12-11,809,67,672.96,U,2,C,25
2019-12-11,16,3,15.31,T,6,E,25
2019-12-11,28,1,34.2,V,4,A,35
2019-12-13,1156,25,976.97,W,1,B,40
2019-12-14,1453,31,836.87,W,1,C,40
2019-12-17,505,6,524.73,V,4,B,35
2019-12-16,515,28,416.36,U,2,C,25
2019-12-15,581,10,467.33,V,4,C,35
2019-12-15,269,1,217.59,U,2,B,25
2019-12-13,47,2,60.7,Y,3,E,25
2019-12-19,1,1,0.98,T,6,B,25
2019-12-19,258,10,165.74,U,2,B,25
2019-12-20,562,14,328.33,W,1,C,40
2019-12-20,10,0,9.1,V,4,A,35
2019-12-21,169,2,190.86,W,1,E,40
2019-12-21,158,5,107.21,U,2,B,25
2019-12-22,217,0,186.23,W,1,B,40
2019-12-22,63,0,53.67,V,4,F,35
2019-12-23,591,36,561.72,V,4,A,35
2019-12-24,6,0,4.71,U,5,B,25
2019-12-24,14,0,12.73,W,1,C,40
2019-12-26,1556,0,1423.53,V,4,H,35
2019-12-26,64,1,69.81,U,5,A,25
2019-12-27,2739,47,2530.56,V,4,C,35
2019-12-28,27,0,29.35,V,4,B,35
2019-12-28,39,0,41.34,V,4,E,35
2019-12-28,27,0,28.88,W,1,B,40
2019-12-29,110,0,91.58,V,4,F,35
2019-12-30,169,2,140.9,V,4,E,35
2019-12-30,66,1,76.17,W,1,C,40
2019-12-31,1121,20,513.14,V,4,C,35
2020-01-02,322,10,228.1,U,2,B,25
2020-01-03,127,14,153.91,Y,3,A,25
2020-01-03,149,1,89.68,U,5,C,25
2020-01-03,136,4,150.28,U,5,A,25
2020-01-03,19,2,25.69,V,4,B,35
2020-01-04,41,0,35.89,U,2,B,25
2020-01-06,108,0,98.81,U,5,B,25
2020-01-06,19,0,14.37,Y,3,B,25
2020-01-06,13,1,9.63,Y,3,E,25
2020-01-07,315,11,298.05,U,2,B,25
2020-01-07,409,11,295.4,Y,3,C,25
2020-01-07,2,2,2.17,W,1,C,40
2020-01-08,40,11,27.15,V,4,C,35
2020-01-09,5,1,4.72,W,1,C,40
2020-01-10,11,0,9.91,V,4,E,35
2020-01-10,1,0,0.88,V,4,B,35
2020-01-10,5,1,5.31,W,1,C,40
2020-01-11,1299,32,1031.47,U,2,C,25
2020-01-12,1920,19,1618.7,U,2,C,25
2020-01-13,1967,58,1590.1,U,2,C,25
2020-01-13,2370,18,2068.47,Y,3,C,25
2020-01-13,19,3,15.06,U,2,A,25
2019-10-27,3,0,3.37,W,1,H,40
2019-11-09,2,4,1.95,T,6,E,25
2019-11-15,8,2,3.25,T,7,A,15
2019-11-21,8,0,6.24,V,4,E,35
2019-11-25,11,2,9.14,Y,3,C,25
2019-12-07,2,3,1.93,T,6,E,25
2019-12-07,10,1,6.3,W,1,D,40
2019-12-09,1,1,0.95,T,6,E,25
2019-12-09,10,0,7.06,V,4,E,35
2019-12-16,4,5,3.77,T,6,A,25
2019-12-17,3,0,3.02,U,5,A,25
2019-12-22,12,0,24.0,V,4,E,35
2020-01-07,5,0,3.7,U,2,E,25
2019-10-16,2,0,3.4,V,4,A,35
2019-10-21,4,0,4.48,W,1,H,40
2019-10-26,5,4,4.82,T,6,E,25
2019-12-08,6,0,4.77,V,4,E,35
2019-10-17,2418,3,2783.46,Y,3,B,25
2019-10-20,197,1,132.53,W,1,E,40
2019-10-18,391,10,377.32,T,6,B,25
2019-10-19,468,10,335.83,W,1,B,40
2019-10-22,228,4,186.27,Y,3,B,25
2019-10-18,2,0,1.96,T,7,B,15
2019-10-17,86,4,77.71,T,6,C,25
2019-10-20,44,2,31.14,Y,3,C,25
2019-10-19,34,0,28.61,V,4,E,35
2019-10-20,40,0,18.45,U,5,C,25
2019-10-19,14,0,12.18,Y,3,E,25
2019-10-19,19,0,17.93,T,6,C,25
2019-10-23,101,1,106.37,Y,3,E,25
2019-10-23,13,2,12.42,T,6,A,25
2019-10-24,324,12,289.35,Y,3,A,25
2019-10-24,1275,18,1368.78,W,1,E,40
2019-10-24,571,13,375.14,U,5,C,25
2019-10-24,230,7,236.14,Y,3,C,25
2019-10-24,21,1,19.22,T,6,B,25
2019-10-25,230,12,198.52,W,1,B,40
2019-10-25,98,2,102.3,Y,3,E,25
2019-10-26,113,4,96.84,Y,3,A,25
2019-10-26,428,1,592.39,T,7,B,15
2019-10-26,693,5,509.91,W,1,D,40
2019-10-28,1691,87,1237.8,U,2,C,25
2019-10-28,447,23,375.45,Y,3,A,25
2019-10-28,1,0,1.2,W,1,F,40
2019-10-28,12,2,11.25,T,6,B,25
2019-10-29,130,17,159.44,T,7,E,15
2019-10-29,97,10,88.19,Y,3,A,25
2019-10-30,660,15,394.57,V,4,C,35
2019-10-30,609,26,578.03,U,2,C,25
2019-10-30,44,7,39.78,T,7,A,15
2019-11-01,211,18,103.94,W,1,B,40
2019-10-31,128,1,166.43,Y,3,E,25
2019-11-01,112,1,143.12,Y,3,E,25
2019-11-01,164,5,164.12,T,7,C,15
2019-11-02,255,9,238.47,W,1,D,40
2019-10-31,11,3,13.85,T,6,C,25
2019-10-31,4,9,4.3,T,6,A,25
2019-11-02,84,3,111.43,T,7,E,15
2019-11-03,7,3,7.13,T,6,B,25
2019-11-04,427,29,541.72,V,4,A,35
2019-11-04,87,2,118.44,T,7,E,15
2019-11-04,214,9,189.44,Y,3,A,25
2019-11-04,2843,149,2767.62,T,6,E,25
2019-11-04,96,2,80.94,T,7,B,15
2019-11-05,4081,96,4589.48,W,1,E,40
2019-11-05,57,3,53.66,T,6,B,25
2019-11-08,656,2,674.24,Y,3,B,25
2019-11-09,41,4,25.82,U,2,C,25
2019-11-10,779,8,798.44,W,1,D,40
2019-11-10,4,0,3.42,T,6,B,25
2019-11-11,160,5,153.01,U,2,B,25
2019-11-11,807,208,761.86,T,6,A,25
2019-11-11,56,1,24.9,T,7,C,15
2019-11-12,296,7,200.32,Y,3,C,25
2019-11-12,174,5,166.56,U,2,B,25
2019-11-13,8032,211,6697.34,W,1,C,40
2019-11-13,68,1,57.68,V,4,B,35
2019-11-13,79,1,32.4,T,7,C,15
2019-11-14,64,7,56.86,V,4,B,35
2019-11-15,10494,198,8491.77,W,1,C,40
2019-11-15,55,1,47.04,Y,3,B,25
2019-11-16,6886,180,5520.8,W,1,C,40
2019-11-16,2136,18,1228.38,W,1,D,40
2019-11-16,58,5,53.21,T,6,C,25
2019-11-16,22,0,19.6,V,4,B,35
2019-11-16,47,1,63.69,Y,3,B,25
2019-11-17,2151,17,1221.92,W,1,D,40
2019-11-17,26,0,21.09,V,4,B,35
2019-11-19,62,0,57.14,Y,3,E,25
2019-11-20,16,3,15.23,T,6,C,25
2019-11-20,24,0,19.61,Y,3,B,25
2019-11-21,2139,64,1467.99,W,1,E,40
2019-11-21,3408,45,3189.46,W,1,B,40
2019-11-22,1654,47,1225.34,W,1,E,40
2019-11-23,147,15,185.77,Y,3,A,25
2019-11-23,1,2,0.94,T,7,B,15
2019-11-24,3963,102,3196.19,W,1,C,40
2019-11-24,355,4,197.71,V,4,C,35
2019-11-24,1,1,0.42,T,7,C,15
2019-11-25,282,14,268.34,V,4,A,35
2019-11-26,106,2,59.61,U,2,B,25
2019-11-26,489,16,212.19,V,4,C,35
2019-11-26,2,5,1.22,U,2,C,25
2019-11-27,4289,111,3376.19,W,1,C,40
2019-11-27,31,12,16.93,W,1,D,40
2019-11-28,13,4,12.48,T,6,E,25
2019-11-29,4,0,3.3,Y,3,C,25
2019-11-29,2,0,1.5,U,5,B,25
2019-11-30,77,4,60.15,U,2,C,25
2019-11-30,2,0,2.59,W,1,H,40
2019-12-01,23,2,15.61,W,1,D,40
2019-12-01,16,0,10.84,V,4,E,35
2019-12-02,169,0,167.11,T,6,B,25
2019-12-03,485,28,257.82,W,1,E,40
2019-12-03,82,3,62.78,U,2,B,25
2019-12-04,1,1,0.7,Y,3,C,25
2019-12-05,3415,103,1918.37,W,1,C,40
2019-12-05,41,4,28.69,V,4,B,35
2019-10-21,428,28,390.22,T,7,A,15
2019-10-17,784,6,667.14,W,1,B,40
2019-10-17,1310,17,1963.43,W,1,E,40
2019-10-19,124,1,119.76,T,6,B,25
2019-10-20,89,2,86.74,T,6,B,25
2019-10-21,371,115,358.86,T,6,A,25
2019-10-22,1157,28,1035.37,T,7,C,15
2019-10-19,128,1,143.68,T,6,D,25
2019-10-20,32,0,35.39,V,4,A,35
2019-10-22,11,0,10.43,T,6,C,25
2019-10-17,148,0,165.75,T,6,D,25
2019-10-22,116,3,118.9,Y,3,E,25
2019-10-23,184,1,152.4,Y,3,B,25
2019-10-23,272,23,256.79,T,7,A,15
2019-10-24,3114,54,3022.88,W,1,C,40
2019-10-24,171,13,207.5,T,7,A,15
2019-10-24,66,34,88.31,V,4,A,35
2019-10-24,16,5,14.76,T,6,E,25
2019-10-25,650,0,776.17,T,7,B,15
2019-10-25,667,13,479.4,U,5,C,25
2019-10-25,191,15,159.13,Y,3,A,25
2019-10-25,29,0,27.61,V,4,E,35
2019-10-26,297,9,401.69,T,7,E,15
2019-10-26,101,3,110.44,V,4,B,35
2019-10-26,2191,41,1614.02,U,2,C,25
2019-10-27,183,2,175.02,Y,3,C,25
2019-10-27,292,6,186.56,V,4,C,35
2019-10-28,128,12,104.36,T,7,A,15
2019-10-28,500,8,438.13,Y,3,C,25
2019-10-28,427,30,530.88,V,4,A,35
2019-10-29,1206,62,901.2,U,2,C,25
2019-10-30,12768,242,11623.68,W,1,C,40
2019-10-30,66,12,48.85,V,4,A,35
2019-11-01,2070,67,3264.11,W,1,E,40
2019-10-31,372,6,266.81,W,1,D,40
2019-10-31,24,2,30.75,U,2,B,25
2019-11-02,1284,45,1988.81,W,1,E,40
2019-11-01,50,2,62.57,V,4,E,35
2019-11-02,74,2,55.79,T,7,B,15
2019-11-02,22,0,28.87,V,4,E,35
2019-11-02,140,11,120.18,Y,3,A,25
2019-11-02,71,0,53.08,V,4,B,35
2019-11-03,216,9,117.92,V,4,C,35
2019-11-03,125,1,81.71,Y,3,C,25
2019-11-05,273,7,215.44,Y,3,C,25
2019-11-05,1201,68,1161.78,T,6,E,25
2019-11-05,123,12,112.01,V,4,A,35
2019-11-05,88,3,99.94,T,7,B,15
2019-11-06,536,15,253.28,V,4,C,35
2019-11-06,323,5,255.1,Y,3,C,25
2019-11-06,78,17,54.57,V,4,A,35
2019-11-06,23,2,10.04,T,7,A,15
2019-11-07,2914,92,3325.2,W,1,E,40
2019-11-07,166,12,142.82,Y,3,A,25
2019-11-07,11,0,7.55,T,7,B,15
2019-11-08,587,9,527.24,W,1,D,40
2019-11-08,131,7,113.5,U,2,B,25
2019-11-08,49,57,45.74,V,4,B,35
2019-11-10,21,5,14.9,Y,3,A,25
2019-11-10,6,0,2.54,T,7,B,15
2019-11-11,11988,288,8863.64,W,1,C,40
2019-11-11,1683,20,1014.56,V,4,C,35
2019-11-11,12,0,16.91,U,2,E,25
2019-11-11,11,0,10.46,T,6,C,25
2019-11-11,91,1,82.44,V,4,B,35
2019-11-12,172,4,157.15,Y,3,B,25
2019-11-12,118,8,128.59,Y,3,E,25
2019-11-12,166,16,136.73,V,4,A,35
2019-11-12,15,4,6.26,T,7,A,15
2019-11-13,3780,55,2144.01,W,1,D,40
2019-11-13,115,7,98.6,T,6,C,25
2019-11-13,182,4,170.81,Y,3,B,25
2019-11-14,1498,35,1508.03,W,1,B,40
2019-11-15,31,3,12.46,T,7,C,15
2019-11-15,414,35,383.23,T,6,C,25
2019-11-15,42,2,37.19,V,4,B,35
2019-11-15,9,0,6.55,V,4,E,35
2019-11-16,61,0,59.46,Y,3,E,25
2019-11-17,1805,18,1672.34,W,1,B,40
2019-11-17,116,10,91.72,Y,3,A,25
2019-11-17,10,2,9.8,T,6,E,25
2019-11-18,294,27,207.66,Y,3,A,25
2019-11-19,148,1,136.7,U,2,B,25
2019-11-19,12,0,10.83,V,4,E,35
2019-11-19,19,21,17.82,T,6,A,25
2019-11-20,17,0,19.59,V,4,E,35
2019-11-20,17,0,14.61,Y,3,E,25
2019-11-21,4,0,3.74,T,6,B,25
2019-11-21,3,9,2.96,T,6,E,25
2019-11-22,1407,27,805.05,W,1,D,40
2019-11-22,88,2,92.85,V,4,B,35
2019-11-22,202,29,252.27,Y,3,A,25
2019-11-22,4,7,3.94,T,6,E,25
2019-11-23,689,20,376.02,W,1,D,40
2019-11-23,70,0,57.25,V,4,B,35
2019-11-24,78,3,50.94,U,2,B,25
2019-11-24,25,9,24.1,T,6,A,25
2019-11-25,636,19,284.9,V,4,C,35
2019-11-25,42,10,40.23,T,6,A,25
2019-11-26,4834,154,3859.63,W,1,C,40
2019-12-06,2587,99,1442.77,W,1,C,40
2019-12-06,13,0,9.95,V,4,E,35
2019-11-21,3,0,3.56,W,1,H,40
2019-12-07,346,0,414.28,W,1,H,40
2019-12-07,188,5,135.17,U,2,C,25
2019-12-07,9,0,5.81,V,4,A,35
2019-12-08,293,8,211.1,W,1,E,40
2019-12-08,18,0,14.58,V,4,B,35
2019-12-09,10,0,9.72,T,6,B,25
2019-12-10,560,143,528.94,T,6,A,25
2019-12-11,168,56,158.02,T,6,A,25
2019-12-15,1430,32,819.99,W,1,C,40
2019-12-17,684,26,564.32,U,2,C,25
2019-12-12,196,5,160.73,U,2,B,25
2019-12-17,739,12,498.04,W,1,B,40
2019-12-13,573,15,598.06,W,1,E,40
2019-12-12,366,7,359.28,Y,3,C,25
2019-12-14,220,3,193.11,V,4,B,35
2019-12-14,126,1,122.52,V,4,E,35
2019-12-14,545,10,609.38,W,1,E,40
2019-12-12,30,13,28.86,T,6,A,25
2019-12-18,600,27,448.62,U,2,C,25
2019-12-17,378,6,318.8,V,4,F,35
2019-12-14,4,0,3.67,T,6,C,25
2019-12-18,716,60,919.57,V,4,A,35
2019-12-13,18,1,17.82,T,6,B,25
2019-12-20,17,1,29.7,V,4,E,35
2019-12-21,35,0,30.04,V,4,H,35
2019-12-22,209,4,121.04,U,2,C,25
2019-12-23,257,19,169.46,U,2,C,25
2019-12-23,100,0,74.87,V,4,F,35
2019-12-25,421,6,201.48,V,4,C,35
2019-12-25,120,4,85.11,U,2,B,25
2019-12-25,65,1,86.61,U,5,A,25
2019-12-26,307,2,241.82,V,4,F,35
2019-12-26,15,0,8.74,V,4,E,35
2019-12-27,49,3,39.15,W,1,C,40
2019-12-27,177,1,181.37,V,4,B,35
2019-12-28,307,1,221.8,U,5,C,25
2019-12-28,30,1,36.16,W,1,E,40
2019-12-29,13,0,11.55,U,5,E,25
2019-12-29,334,9,196.17,U,2,C,25
2019-12-30,33,4,35.81,W,1,E,40
2019-12-31,418,11,511.33,U,5,A,25
2019-12-31,75,3,67.58,U,2,B,25
2020-01-01,358,8,150.74,V,4,C,35
2020-01-01,199,7,161.12,U,2,B,25
2020-01-02,148,7,185.39,U,5,A,25
2020-01-02,158,2,94.02,U,5,C,25
2020-01-02,56,0,52.23,V,4,E,35
2020-01-02,104,11,112.68,Y,3,A,25
2020-01-04,39,2,58.25,U,5,A,25
2020-01-04,9,0,9.59,V,4,B,35
2020-01-05,34,6,13.74,U,2,C,25
2020-01-06,557,16,248.02,V,4,C,35
2020-01-06,49,7,39.85,U,2,B,25
2020-01-07,404,11,518.8,U,5,A,25
2020-01-07,28,0,31.37,V,4,B,35
2020-01-07,147,1,109.73,Y,3,B,25
2020-01-07,60,2,50.05,Y,3,E,25
2020-01-08,378,10,375.76,U,2,B,25
2020-01-09,16,0,13.4,Y,3,E,25
2020-01-09,4,0,3.69,U,5,B,25
2020-01-09,11,0,8.87,U,2,E,25
2020-01-10,30,0,25.91,Y,3,E,25
2020-01-10,5,1,4.02,W,1,B,40
2020-01-13,22,8,17.35,V,4,C,35
2020-01-14,672,15,570.76,Y,3,C,25
2020-01-14,161,21,245.17,Y,3,A,25
2019-10-21,4,0,3.15,U,2,C,25
2019-10-24,1,0,0.97,U,2,C,25
2019-10-26,13,1,6.18,U,5,A,25
2019-10-28,1,0,1.04,U,5,D,25
2019-10-30,7,5,6.25,Y,3,A,25
2019-11-05,6,0,6.68,W,1,H,40
2019-11-07,6,0,5.86,T,6,B,25
2019-11-14,10,0,6.79,V,4,E,35
2019-11-24,12,0,11.65,T,6,C,25
2019-11-29,3,0,1.43,V,4,A,35
2019-12-13,2,2,1.65,W,1,D,40
2019-12-21,8,0,16.0,V,4,E,35
2019-12-21,3,0,3.02,U,5,A,25
2019-12-23,3,0,2.37,U,5,B,25
2020-01-02,6,0,4.17,V,4,H,35
2020-01-09,1,1,0.41,Y,3,B,25
2019-10-17,1,0,0.99,T,7,E,15
2019-10-19,8,0,7.51,V,4,B,35
2019-10-25,1,0,1.12,T,6,D,25
2019-11-08,1,1,1.02,U,2,E,25
2019-11-14,3,2,1.24,T,7,E,15
2019-11-23,2,3,1.95,T,6,E,25
2019-12-08,5,4,3.2,W,1,D,40
2020-01-02,7,2,8.28,V,4,B,35
2019-10-18,2,0,1.78,T,7,E,15
2019-10-17,1,0,0.57,V,4,E,35
2019-10-17,2,0,1.16,W,1,D,40
2019-10-18,5,0,4.01,T,6,E,25
2019-10-19,1,0,0.57,W,1,D,40
2019-11-11,3,1,1.27,T,7,A,15
2019-11-26,3,1,2.85,Y,3,C,25
2019-12-26,1,0,0.48,W,1,B,40
2019-11-27,523,30,490.63,T,6,C,25
2019-11-27,1800,24,2128.36,W,1,B,40
2019-11-28,119,0,69.47,V,4,B,35
2019-11-28,39,7,22.68,W,1,D,40
2019-11-28,317,12,222.33,W,1,E,40
2019-11-27,18,0,18.12,V,4,E,35
2019-11-29,3120,88,1922.66,W,1,C,40
2019-11-30,52,22,49.03,T,6,A,25
2019-11-30,5,0,4.25,Y,3,C,25
2019-12-01,65,5,120.63,Y,3,A,25
2019-12-01,349,24,242.6,W,1,E,40
2019-12-01,156,0,83.63,V,4,B,35
2019-12-01,52,0,36.14,U,2,C,25
2019-12-01,8,0,9.5,W,1,H,40
2019-12-02,581,25,341.65,W,1,E,40
2019-12-02,40,1,24.54,U,2,C,25
2019-12-02,260,17,484.96,Y,3,A,25
2019-12-02,542,46,521.45,T,6,E,25
2019-12-02,10,1,8.25,Y,3,C,25
2019-12-03,1139,17,1111.57,T,6,B,25
2019-12-03,733,20,666.52,W,1,B,40
2019-12-03,9,9,8.48,T,6,E,25
2019-12-03,56,2,35.67,V,4,B,35
2019-12-04,4283,143,2290.7,W,1,C,40
2019-12-04,36,1,24.29,V,4,B,35
2019-12-05,864,15,806.94,W,1,B,40
2019-12-05,62,7,56.34,T,6,C,25
2019-12-06,80,0,98.04,W,1,H,40
2019-12-06,17,1,12.87,V,4,B,35
2019-12-08,458,2,534.72,W,1,H,40
2019-12-08,266,9,501.81,Y,3,A,25
2019-12-10,43,3,38.38,Y,3,E,25
2019-12-11,419,10,218.32,V,4,C,35
2019-12-16,416,8,336.65,U,2,B,25
2019-12-16,2367,59,1341.01,V,4,C,35
2019-12-13,809,33,678.64,U,2,C,25
2019-12-12,1188,15,1161.91,V,4,C,35
2019-12-18,1335,15,743.45,W,1,C,40
2019-12-15,97,0,92.02,V,4,B,35
2019-12-14,815,3,572.93,W,1,B,40
2019-12-12,435,1,389.3,Y,3,B,25
2019-12-15,7,3,6.76,T,6,C,25
2019-12-13,62,2,71.49,W,1,H,40
2019-12-17,5,0,5.86,W,1,F,40
2019-12-15,6,1,3.2,W,1,D,40
2019-12-19,362,1,306.56,W,1,B,40
2019-12-19,2629,11,2219.08,V,4,F,35
2019-12-19,304,6,268.15,V,4,B,35
2019-12-19,391,18,285.21,U,2,C,25
2019-12-20,446,1,370.36,W,1,B,40
2019-12-21,569,0,433.93,W,1,B,40
2019-12-21,16,0,15.27,V,4,B,35
2019-12-22,73,2,79.43,V,4,C,35
2019-12-24,187,11,137.24,U,2,B,25
2019-12-25,10,0,9.85,W,1,C,40
2019-12-26,343,19,220.54,U,2,C,25
2019-12-26,7,0,5.75,U,5,E,25
2019-12-27,1956,5,1750.41,V,4,H,35
2019-12-27,64,1,64.12,V,4,E,35
2019-12-27,182,5,169.81,U,5,A,25
2019-12-29,68,2,86.35,U,5,A,25
2019-12-29,77,12,54.06,U,2,B,25
2019-12-29,268,7,183.1,V,4,C,35
2019-12-30,18,0,16.48,V,4,H,35
2019-12-31,79,0,101.37,V,4,E,35
2019-12-31,30,1,33.76,W,1,B,40
2019-12-31,24,0,27.96,W,1,C,40
2020-01-01,83,0,88.7,U,5,A,25
2020-01-01,20,0,18.87,V,4,E,35
2020-01-04,18,0,21.21,W,1,B,40
2020-01-04,5,0,5.11,V,4,E,35
2020-01-05,48,10,45.43,V,4,A,35
2020-01-06,38,4,48.48,V,4,B,35
2020-01-08,156,6,253.4,U,5,A,25
2020-01-08,131,4,131.21,Y,3,B,25
2020-01-08,19,1,16.78,Y,3,E,25
2020-01-08,8,1,7.3,W,1,C,40
2020-01-08,6,0,6.12,U,2,E,25
2020-01-08,2,0,1.99,V,4,H,35
2020-01-09,297,15,264.08,U,2,B,25
2020-01-10,6,1,4.1,W,1,E,40
2020-01-11,128,3,106.7,V,4,C,35
2020-01-12,60,2,51.58,V,4,C,35
2020-01-13,136,0,123.94,U,5,B,25
2020-01-14,1681,57,1315.02,U,2,C,25
2020-01-14,209,1,194.05,U,5,B,25
2020-01-14,77,0,72.79,U,5,E,25
2020-01-14,18,0,15.21,Y,3,E,25
2020-01-14,4,1,2.99,W,1,C,40
2019-10-19,2,0,2.29,W,1,H,40
2019-10-21,2,0,1.17,W,1,F,40
2019-11-07,4,2,1.76,U,5,C,25
2019-11-10,8,5,8.62,T,6,E,25
2019-11-24,10,0,12.81,Y,3,E,25
2019-11-25,4,4,4.98,Y,3,E,25
2019-11-26,8,1,6.9,Y,3,B,25
2019-12-05,9,16,5.68,W,1,D,40
2019-12-10,13,4,11.34,T,6,C,25
2019-12-13,3,0,6.0,Y,3,A,25
2020-01-08,3,0,1.48,W,1,B,40
2019-10-17,2,0,1.93,U,5,D,25
2019-10-20,1,0,0.96,T,6,A,25
2019-10-25,2,0,1.5,U,5,B,25
2019-11-13,3,0,1.19,T,7,B,15
2019-11-30,2,3,1.65,Y,3,E,25
2020-01-01,1,0,0.98,T,6,B,25
2019-11-11,5,0,2.17,T,7,E,15
2019-11-12,1,2,0.94,U,5,C,25
2019-11-26,1,0,1.29,Y,3,E,25
2019-12-23,1,0,0.32,W,1,D,40
2020-01-05,3,0,3.44,W,1,C,40
2020-01-10,1,0,1.02,U,5,B,25
2020-01-03,1,0,0.74,U,5,B,25
2019-10-17,1,0,0.52,U,5,B,25
2019-10-25,1,0,1.12,W,1,H,40
2019-11-09,1,0,1.0,Y,3,H,25
2019-11-15,1,2,0.36,T,7,B,15
2019-12-26,1,0,0.99,U,5,B,25
2019-11-09,1,0,1.01,U,5,A,25
2019-11-16,1,0,0.94,T,7,B,15
2019-12-06,1,0,0.69,W,1,F,40
2019-12-17,2,0,0.92,W,1,D,40
2019-12-13,8,1,7.27,T,6,C,25
2020-01-11,1,0,0.96,V,4,B,35
2019-10-20,2,0,1.69,W,1,D,40
2019-10-17,2,0,2.0,T,7,A,15
2019-11-23,16,2,18.21,Y,3,E,25
2019-11-28,2,0,1.73,Y,3,B,25
2019-11-27,2,1,1.11,Y,3,C,25
2019-11-29,6,0,6.61,V,4,E,35
2019-11-29,3,0,3.7,W,1,H,40
2019-12-19,2,0,1.9,T,6,C,25
2019-12-30,2,0,0.85,U,2,E,25
2020-01-03,1,0,1.18,W,1,E,40
2020-01-05,4,0,2.51,V,4,F,35
2019-10-19,3,0,2.05,T,7,C,15
2019-11-12,2,0,1.5,U,5,B,25
2019-11-30,1,0,0.64,V,4,A,35
2020-01-03,3,0,3.0,V,4,H,35
2019-10-16,2,0,1.91,T,6,E,25
2019-12-05,1,2,1.0,Y,3,C,25
2019-12-07,1,0,0.89,Y,3,E,25
2019-11-11,1,0,0.75,U,5,B,25
2019-12-06,1,5,0.95,T,6,A,25
2020-01-11,2,0,1.7,V,4,F,35
2019-11-01,1,3,1.2,U,5,A,25
2019-12-01,1,0,0.85,Y,3,E,25
2020-01-12,1,0,0.58,W,1,B,40
2019-12-17,3,0,3.49,W,1,H,40
2020-01-01,1,0,0.77,Y,3,C,25
2020-01-10,3,0,2.51,Y,3,B,25
2020-01-13,1,1,1.78,W,1,E,40
2019-10-22,2,0,1.76,W,1,F,40
2019-10-23,1,0,0.96,Y,3,D,25
2019-10-24,1,0,1.06,T,6,D,25
2019-10-25,1,0,1.01,U,2,D,25
2019-11-03,2,0,2.28,W,1,H,40
2019-11-04,1,0,1.12,T,6,D,25
2019-11-13,8,2,3.32,T,7,A,15
2019-11-17,4,0,3.97,T,6,B,25
2020-01-03,5,1,4.84,V,4,E,35
2020-01-13,3,4,3.73,V,4,A,35
2019-11-18,5,0,4.87,T,6,B,25
2019-12-12,1,0,0.69,W,1,F,40
2019-12-15,1,1,0.95,T,6,A,25
2019-12-03,1,0,1.78,Y,3,B,25
2019-12-17,1,1,0.91,T,6,E,25
2019-12-19,2,0,0.85,W,1,D,40
2020-01-01,1,2,0.96,T,6,A,25
2019-12-06,1,0,1.25,Y,3,E,25
2020-01-13,1,0,1.15,T,6,B,25
2019-12-15,4,0,4.03,U,5,A,25
2019-12-21,1,2,0.32,W,1,D,40
2019-12-31,1,0,0.87,Y,3,B,25
2020-01-01,10,0,10.19,V,4,B,35
2020-01-02,7,0,4.08,W,1,B,40
2020-01-03,4,1,3.0,V,4,F,35
2020-01-11,1,1,0.82,V,4,A,35
2020-01-12,5,0,4.24,U,2,E,25
2019-10-18,2,0,1.01,U,5,B,25
2019-11-16,2,0,2.29,W,1,H,40
2019-11-18,1,0,1.19,W,1,F,40
2019-11-27,2,0,1.73,Y,3,B,25
2019-12-25,5,0,3.86,V,4,B,35
2020-01-08,2,0,1.44,V,4,E,35
2019-10-16,7,0,7.2,Y,3,E,25
2019-10-22,4,0,0.84,V,4,E,35
2019-10-23,1,0,0.24,U,2,B,25
2019-10-26,1,0,1.12,W,1,H,40
2019-11-01,2,2,0.01,U,5,C,25
2019-11-02,8,0,9.44,W,1,H,40
2019-11-04,2,0,2.24,W,1,H,40
2019-12-05,6,0,4.34,V,4,E,35
2019-12-25,1,0,1.03,V,4,E,35
2020-01-07,2,0,1.98,V,4,E,35
2019-10-18,2,0,2.28,W,1,H,40
2019-11-10,2,0,2.24,W,1,H,40
2019-11-10,1,0,1.5,U,5,C,25
2019-11-19,1,0,0.94,U,5,C,25
2019-11-23,1,0,0.98,T,6,B,25
2019-12-08,2,0,2.02,U,5,A,25
2019-12-13,1,0,0.91,T,6,E,25
2019-12-29,2,2,2.43,V,4,A,35
2020-01-01,3,1,3.47,W,1,C,40
2020-01-05,2,1,1.95,Y,3,C,25
2019-11-03,1,0,1.2,W,1,F,40
2019-11-07,1,0,1.12,W,1,H,40
2019-11-09,3,8,2.91,T,6,A,25
2019-10-24,1,0,0.74,U,5,B,25
2019-11-19,1,0,1.5,T,7,C,15
2019-10-26,1,0,0.99,T,6,D,25
2019-11-14,2,1,0.79,T,7,B,15
2019-11-25,2,2,2.52,U,2,C,25
2020-01-03,1,0,1.1,W,1,B,40
2020-01-04,4,0,4.04,V,4,H,35
2019-10-20,2,0,1.54,T,6,E,25
2019-10-21,4,0,2.58,T,7,B,15
2019-11-27,3,0,3.28,Y,3,E,25
2019-12-25,1,0,0.42,U,2,E,25
2020-01-13,1,1,1.11,W,1,C,40
2019-11-04,1,3,1.5,U,5,C,25
2019-12-04,1,1,2.0,Y,3,B,25
2019-12-06,2,1,0.97,W,1,D,40
2019-12-27,1,0,0.52,U,2,E,25
2019-10-16,32,0,51.42,W,1,E,40
2019-10-21,1755,28,1517.34,W,1,E,40
2019-10-21,1435,6,1303.48,U,5,C,25
2019-10-18,15,1,11.11,V,4,B,35
2019-10-20,1220,18,1743.06,W,1,C,40
2019-10-19,75,0,52.44,Y,3,C,25
2019-10-21,921,14,828.85,T,7,C,15
2019-10-21,406,1,162.52,W,1,B,40
2019-10-18,403,1,477.44,Y,3,B,25
2019-10-18,2177,34,2305.76,W,1,C,40
2019-10-22,906,15,327.4,W,1,B,40
2019-10-20,101,1,110.5,Y,3,B,25
2019-10-17,164,4,176.76,Y,3,E,25
2019-10-22,445,15,399.03,T,7,E,15
2019-10-21,91,0,102.21,T,6,D,25
2019-10-18,48,0,45.15,T,6,C,25
2019-10-18,87,2,74.46,U,5,A,25
2019-10-17,63,2,60.05,T,6,A,25
2019-10-18,4,0,3.42,W,1,D,40
2019-10-22,3,0,2.15,U,2,C,25
2019-10-23,220,3,145.45,Y,3,C,25
2019-10-23,559,4,332.13,U,5,C,25
2019-10-23,199,16,113.53,Y,3,A,25
2019-10-23,161,2,151.81,T,7,B,15
2019-10-23,11,2,10.53,T,6,E,25
2019-10-24,409,2,527.9,T,7,E,15
2019-10-24,127,5,121.55,U,5,A,25
2019-10-24,57,3,43.73,Y,3,B,25
2019-10-24,33,1,16.88,V,4,B,35
2019-10-25,105,12,122.21,T,7,A,15
2019-10-25,504,14,472.57,Y,3,C,25
2019-10-25,373,11,257.08,V,4,C,35
2019-10-26,1644,42,1800.98,W,1,C,40
2019-10-26,25,0,20.65,V,4,E,35
2019-10-26,100,2,117.21,Y,3,E,25
2019-10-26,137,1,125.39,Y,3,B,25
2019-10-27,83,1,61.28,U,5,C,25
2019-10-27,388,6,134.21,W,1,B,40
2019-10-28,3332,79,3840.74,W,1,E,40
2019-10-28,121,1,90.4,V,4,B,35
2019-10-28,167,4,149.11,Y,3,B,25
2019-10-28,491,9,583.35,U,5,A,25
2019-10-29,184,6,228.08,Y,3,E,25
2019-10-29,21,0,21.14,V,4,E,35
2019-10-30,42,11,42.79,T,6,E,25
2019-10-30,142,4,58.67,V,4,B,35
2019-10-30,105,7,112.06,T,7,E,15
2019-10-30,76,4,81.85,T,7,B,15
2019-10-30,6,0,6.73,W,1,H,40
2019-11-01,309,8,206.02,V,4,C,35
2019-10-31,322,13,376.58,U,2,C,25
2019-11-01,47,1,60.09,U,2,B,25
2019-11-01,29,7,28.3,T,7,A,15
2019-11-02,2146,86,2836.22,W,1,C,40
2019-11-01,130,10,161.79,U,2,C,25
2019-11-02,420,3,389.54,Y,3,B,25
2019-11-02,108,2,136.73,Y,3,E,25
2019-11-02,6,0,4.59,V,4,A,35
2019-11-03,33,0,31.42,U,2,B,25
2019-11-03,228,6,213.62,W,1,D,40
2019-11-03,21,0,20.37,Y,3,H,25
2019-11-04,1300,18,868.83,W,1,B,40
2019-11-04,8039,173,7173.84,W,1,C,40
2019-11-04,375,2,395.88,Y,3,B,25
2019-11-04,133,2,166.93,Y,3,E,25
2019-11-04,190,1,119.35,V,4,B,35
2019-11-04,49,0,44.37,V,4,E,35
2019-11-04,34,0,33.03,Y,3,H,25
2019-11-05,803,19,414.35,V,4,C,35
2019-11-05,18,10,12.69,T,7,A,15
2019-11-06,5802,106,5872.73,W,1,E,40
2019-11-06,236,15,197.72,Y,3,A,25
2019-11-06,927,16,868.12,W,1,D,40
2019-11-06,90,6,50.76,T,7,C,15
2019-11-06,112,6,118.9,U,2,B,25
2019-11-06,2,1,0.26,U,5,C,25
2019-11-06,22,1,27.98,T,7,B,15
2019-11-06,26,0,26.14,U,2,E,25
2019-11-07,328,6,375.09,Y,3,B,25
2019-11-07,646,17,589.15,W,1,D,40
2019-11-07,183,9,150.82,Y,3,C,25
2019-11-07,127,6,117.55,U,2,B,25
2019-11-07,6,3,2.55,T,7,A,15
2019-11-08,206,1,180.51,Y,3,C,25
2019-11-08,38,6,27.88,V,4,A,35
2019-11-09,1846,26,1823.45,W,1,B,40
2019-11-09,76,0,92.93,Y,3,E,25
2019-11-09,54,1,23.27,T,7,C,15
2019-11-10,97,5,102.19,Y,3,B,25
2019-11-10,50,0,40.68,U,2,B,25
2019-11-11,325,5,220.45,Y,3,C,25
2019-11-11,365,31,352.49,T,6,E,25
2019-11-11,193,11,222.44,V,4,A,35
2019-11-11,310,19,168.09,Y,3,A,25
2019-11-12,276,28,186.83,Y,3,A,25
2019-11-12,5,2,2.12,T,7,E,15
2019-11-12,1,0,1.12,W,1,H,40
2019-11-14,8798,228,7109.55,W,1,C,40
2019-11-14,4103,1091,3901.91,T,6,A,25
2019-11-14,55,7,56.06,Y,3,E,25
2019-11-17,35,0,45.96,Y,3,B,25
2019-12-15,20,0,25.18,V,4,E,35
2019-12-13,2,6,1.94,T,6,A,25
2019-12-27,5,2,2.27,W,1,B,40
2020-01-01,5,0,4.48,W,1,B,40
2020-01-03,3,0,3.26,Y,3,C,25
2020-01-12,3,0,2.81,W,1,C,40
2019-11-11,1,0,1.17,W,1,H,40
2019-11-22,3,0,3.51,W,1,H,40
2019-12-16,3,2,1.73,W,1,D,40
2020-01-05,5,0,3.88,Y,3,B,25
2020-01-07,1,0,0.91,T,6,B,25
2020-01-08,2,0,3.18,V,4,B,35
2019-10-16,4,0,1.97,V,4,C,35
2019-10-18,1,0,1.11,W,1,F,40
2019-10-22,1,0,0.85,V,4,D,35
2019-11-29,5,2,4.1,Y,3,B,25
2020-01-02,4,1,2.1,V,4,F,35
2020-01-04,1,0,0.4,W,1,E,40
2020-01-09,1,0,1.18,W,1,E,40
2019-12-29,1,0,0.43,U,2,E,25
2019-10-23,3,0,3.33,T,6,D,25
2019-12-12,3,3,2.69,T,6,C,25
2019-12-25,1,1,0.36,W,1,B,40
2019-10-24,1,2,0.96,T,6,A,25
2019-11-20,1,0,0.4,T,7,C,15
2020-01-09,1,0,0.99,V,4,H,35
2020-01-10,1,0,0.99,V,4,H,35
2020-01-14,1,0,0.96,T,6,C,25
2020-01-09,1,1,0.96,V,4,B,35
2019-10-21,214,1,185.88,V,4,B,35
2019-10-21,163,5,156.38,Y,3,E,25
2019-10-18,84,3,73.92,V,4,A,35
2019-10-22,418,12,367.67,U,5,A,25
2019-10-20,312,1,203.88,V,4,C,35
2019-10-18,50,2,25.49,V,4,C,35
2019-10-21,30,0,28.53,T,6,C,25
2019-10-21,98,0,102.5,Y,3,B,25
2019-10-22,199,5,78.31,V,4,B,35
2019-10-21,5,0,2.89,W,1,D,40
2019-10-21,53,0,48.05,V,4,E,35
2019-10-20,15,1,11.33,Y,3,E,25
2019-10-22,342,18,198.74,Y,3,A,25
2019-10-22,21,0,23.41,T,6,D,25
2019-10-22,122,1,107.93,T,7,B,15
2019-10-22,5,0,5.71,W,1,H,40
2019-10-23,67,1,64.49,T,6,B,25
2019-10-24,425,9,241.49,V,4,C,35
2019-10-24,584,11,683.36,T,7,C,15
2019-10-26,110,10,133.34,T,7,A,15
2019-10-26,14,3,11.14,V,4,A,35
2019-10-27,299,3,372.61,T,7,C,15
2019-10-27,1081,14,1331.62,W,1,E,40
2019-10-27,85,0,76.86,V,4,B,35
2019-10-28,440,8,469.1,T,7,C,15
2019-10-28,135,8,108.08,U,2,B,25
2019-10-29,268,2,137.05,V,4,B,35
2019-10-29,133,3,128.11,Y,3,B,25
2019-10-29,711,6,493.63,W,1,D,40
2019-10-29,276,9,336.72,T,6,C,25
2019-10-30,4648,103,5522.63,W,1,E,40
2019-10-30,536,11,356.51,W,1,D,40
2019-10-30,169,2,189.53,Y,3,B,25
2019-10-30,17,1,18.5,V,4,E,35
2019-11-01,168,0,121.0,Y,3,C,25
2019-11-02,49,2,57.2,U,2,C,25
2019-11-02,16,5,12.36,T,7,A,15
2019-11-03,1300,40,2023.16,W,1,E,40
2019-11-03,36,7,33.8,T,6,C,25
2019-11-03,6,5,5.81,T,6,A,25
2019-11-04,859,12,499.0,V,4,C,35
2019-11-04,155,1,119.33,T,7,C,15
2019-11-04,31,8,27.61,T,7,A,15
2019-11-05,109,2,84.1,T,7,C,15
2019-11-05,255,97,240.34,T,6,A,25
2019-11-05,80,4,86.04,U,2,B,25
2019-11-06,163,0,198.34,Y,3,E,25
2019-11-07,329,7,166.85,V,4,C,35
2019-11-07,3,15,2.82,T,6,A,25
2019-11-08,171,10,138.37,Y,3,A,25
2019-11-09,347,1,381.6,Y,3,B,25
2019-11-09,10,3,9.72,T,6,C,25
2019-11-09,56,0,50.53,V,4,B,35
2019-11-09,9,0,8.42,V,4,E,35
2019-11-10,74,2,59.17,Y,3,C,25
2019-11-11,4645,128,4657.78,W,1,E,40
2019-11-11,77,2,75.21,T,6,B,25
2019-11-12,8091,70,5754.88,W,1,D,40
2019-11-13,338,8,250.43,Y,3,C,25
2019-11-13,12,10,11.62,T,6,E,25
2019-11-13,253,34,182.14,Y,3,A,25
2019-11-13,163,6,103.99,V,4,A,35
2019-11-14,54,5,37.99,V,4,A,35
2019-11-15,54,6,34.57,V,4,A,35
2019-11-16,56,3,32.93,V,4,A,35
2019-11-16,120,8,93.56,Y,3,A,25
2019-11-16,23,6,22.85,T,6,E,25
2019-11-17,156,3,115.96,Y,3,C,25
2019-11-17,71,3,45.6,V,4,A,35
2019-11-18,13699,326,9100.63,W,1,C,40
2019-11-18,38,3,35.94,V,4,B,35
2019-11-19,2413,40,2175.01,W,1,B,40
2019-11-20,216,17,211.53,Y,3,A,25
2019-11-22,63,4,52.65,Y,3,C,25
2019-11-23,271,3,138.41,V,4,C,35
2019-11-23,6,0,7.58,V,4,A,35
2019-11-23,77,2,53.09,U,2,B,25
2019-11-24,735,33,494.12,W,1,E,40
2019-11-24,1494,27,1309.21,W,1,B,40
2019-11-25,5551,150,4417.78,W,1,C,40
2019-11-25,125,3,104.17,V,4,B,35
2019-11-26,456,24,292.77,W,1,E,40
2019-11-27,234,12,406.63,Y,3,A,25
2019-11-28,307,7,174.77,V,4,C,35
2019-11-28,15,1,13.96,T,6,B,25
2019-11-28,11,0,9.19,V,4,A,35
2019-11-29,155,2,87.35,V,4,B,35
2019-11-29,11,4,6.26,W,1,D,40
2019-11-30,92,7,82.78,T,6,C,25
2019-11-30,520,10,385.41,W,1,B,40
2019-11-30,13,0,9.38,Y,3,B,25
2019-11-30,6,0,3.93,V,4,E,35
2019-12-02,498,8,223.65,V,4,C,35
2019-12-02,85,4,63.32,U,2,B,25
2019-12-03,2,0,1.69,Y,3,C,25
2019-12-04,512,28,980.08,Y,3,A,25
2019-12-04,559,17,301.7,W,1,E,40
2019-12-04,13,0,17.59,W,1,H,40
2019-12-06,307,27,223.98,U,2,C,25
2019-11-17,62,1,57.65,Y,3,E,25
2019-11-18,5303,69,3036.53,W,1,D,40
2019-11-18,44,8,41.48,T,6,C,25
2019-11-18,58,2,48.99,Y,3,B,25
2019-11-18,98,1,93.31,Y,3,E,25
2019-11-19,611,17,298.26,V,4,C,35
2019-11-19,275,9,213.59,Y,3,C,25
2019-11-19,14,4,14.89,U,2,C,25
2019-11-19,11,0,10.47,T,6,B,25
2019-11-21,536,24,251.81,V,4,C,35
2019-11-21,13,5,12.28,T,6,C,25
2019-11-22,467,17,229.64,V,4,C,35
2019-11-22,18,5,14.37,V,4,A,35
2019-11-23,4067,101,3320.8,W,1,C,40
2019-11-23,27,0,25.22,Y,3,B,25
2019-11-23,9,0,9.44,V,4,E,35
2019-11-24,8,1,7.69,T,6,B,25
2019-11-25,2007,36,1834.72,W,1,B,40
2019-11-26,293,24,474.67,Y,3,A,25
2019-11-26,1176,84,1134.76,T,6,E,25
2019-11-26,451,3,443.8,T,6,B,25
2019-11-28,2583,63,1615.25,W,1,C,40
2019-11-29,191,15,367.2,Y,3,A,25
2019-11-29,14,5,13.06,T,6,E,25
2019-11-30,314,21,215.22,W,1,E,40
2019-12-01,3455,79,1950.94,W,1,C,40
2019-12-01,13,5,8.38,V,4,A,35
2019-12-01,16,0,12.03,Y,3,B,25
2019-12-03,151,16,178.62,V,4,A,35
2019-12-03,475,175,447.84,T,6,A,25
2019-12-03,500,20,177.42,V,4,C,35
2019-12-05,513,40,383.15,U,2,C,25
2019-12-05,3,14,2.8,T,6,A,25
2019-12-07,272,10,197.57,W,1,E,40
2019-12-07,25,4,19.34,V,4,B,35
2019-12-08,8,0,8.4,Y,3,B,25
2019-12-10,785,68,649.91,U,2,C,25
2019-12-10,396,13,278.61,W,1,E,40
2019-12-10,75,2,73.18,T,6,B,25
2019-12-11,394,5,389.19,T,6,B,25
2019-12-13,2192,55,1237.77,W,1,C,40
2019-12-17,560,6,430.12,U,2,B,25
2019-12-12,210,3,240.73,W,1,H,40
2019-12-13,141,0,167.79,V,4,E,35
2019-12-14,1314,23,1080.47,V,4,C,35
2019-12-13,393,1,426.04,Y,3,B,25
2019-12-18,420,7,281.9,W,1,B,40
2019-12-19,1017,7,556.83,W,1,C,40
2019-12-19,17,1,26.38,V,4,E,35
2019-12-20,357,21,257.41,U,2,C,25
2019-12-21,414,3,250.23,W,1,C,40
2019-12-22,172,1,190.77,W,1,E,40
2019-12-22,118,2,90.35,U,2,B,25
2019-12-22,10,0,9.36,V,4,B,35
2019-12-23,135,1,130.54,W,1,B,40
2019-12-23,132,5,156.23,W,1,E,40
2019-12-24,256,11,175.49,U,2,C,25
2019-12-25,53,3,20.64,V,4,A,35
2019-12-25,269,9,179.95,U,2,C,25
2019-12-26,127,13,90.89,U,2,B,25
2019-12-27,411,16,250.53,U,2,C,25
2019-12-27,141,0,110.75,V,4,F,35
2019-12-27,145,1,133.63,U,5,B,25
2019-12-27,93,1,81.07,U,5,E,25
2019-12-28,104,9,72.8,U,2,B,25
2019-12-29,225,1,219.69,V,4,H,35
2019-12-29,184,0,122.55,U,5,C,25
2019-12-29,31,0,36.31,W,1,E,40
2019-12-30,106,10,89.04,U,2,B,25
2019-12-31,335,13,180.91,U,2,C,25
2019-12-31,75,1,51.07,V,4,F,35
2019-12-31,50,0,43.45,U,5,E,25
2020-01-01,172,0,166.18,U,5,B,25
2020-01-01,107,5,72.63,V,4,A,35
2020-01-02,5,0,6.0,W,1,C,40
2020-01-03,202,4,180.64,U,2,B,25
2020-01-03,1,0,0.92,T,6,A,25
2020-01-04,54,3,20.11,U,2,C,25
2020-01-04,17,0,14.4,Y,3,E,25
2020-01-04,15,0,10.63,Y,3,B,25
2020-01-05,60,3,101.2,U,5,A,25
2020-01-05,12,2,11.55,V,4,B,35
2020-01-06,1221,59,1598.51,V,4,A,35
2020-01-07,21,13,20.27,V,4,A,35
2020-01-07,727,49,439.62,U,2,C,25
2020-01-07,35,0,31.24,U,5,E,25
2020-01-08,1067,48,646.96,U,2,C,25
2020-01-08,4,0,3.42,U,5,E,25
2020-01-08,78,7,30.83,V,4,A,35
2020-01-09,1079,31,716.98,U,2,C,25
2020-01-09,13,4,10.37,Y,3,C,25
2020-01-11,197,6,192.02,U,2,B,25
2020-01-11,52,5,57.96,U,5,A,25
2020-01-11,53,0,21.77,U,5,C,25
2020-01-12,109,1,45.94,U,5,C,25
2020-01-12,84,5,85.19,Y,3,A,25
2020-01-13,1752,104,1911.2,Y,3,A,25
2019-10-16,21,0,13.66,W,1,B,40
2019-10-20,5,0,4.38,U,5,A,25
2019-10-19,2,0,2.06,U,2,C,25
2019-10-27,2,0,1.97,T,6,E,25
2019-10-27,15,2,13.72,T,6,B,25
2019-12-07,1747,56,1008.72,W,1,C,40
2019-12-08,1877,56,1133.5,W,1,C,40
2019-12-08,19,0,12.23,V,4,A,35
2019-12-09,111,6,87.72,U,2,B,25
2019-12-09,11,17,10.62,T,6,A,25
2019-12-09,17,0,14.97,Y,3,E,25
2019-12-10,1312,15,1018.21,W,1,B,40
2019-12-10,372,2,433.12,W,1,H,40
2019-12-11,1190,22,955.36,W,1,B,40
2019-12-11,74,1,64.04,Y,3,E,25
2019-12-13,3837,61,3016.43,V,4,C,35
2019-12-13,334,8,244.4,U,2,B,25
2019-12-16,774,15,554.88,W,1,B,40
2019-12-17,1751,22,982.32,W,1,C,40
2019-12-16,671,8,726.45,W,1,E,40
2019-12-12,453,13,351.77,W,1,E,40
2019-12-17,175,1,310.94,V,4,E,35
2019-12-18,125,0,216.22,V,4,E,35
2019-12-18,455,10,406.82,V,4,B,35
2019-12-12,19,0,18.76,T,6,B,25
2019-12-19,53,10,50.93,V,4,A,35
2019-12-20,644,1,543.72,V,4,F,35
2019-12-21,129,5,122.81,V,4,C,35
2019-12-23,32,0,27.3,V,4,E,35
2019-12-23,186,0,159.84,V,4,H,35
2019-12-23,68,0,72.45,V,4,B,35
2019-12-23,34,0,41.55,U,5,A,25
2019-12-24,131,0,100.24,V,4,F,35
2019-12-25,177,1,126.78,U,5,C,25
2019-12-27,136,20,119.73,V,4,A,35
2019-12-28,364,12,264.26,V,4,C,35
2019-12-28,50,1,44.91,W,1,C,40
2019-12-29,32,1,33.67,V,4,E,35
2019-12-29,52,0,55.23,W,1,B,40
2019-12-30,82,0,53.63,V,4,F,35
2019-12-30,2880,53,1951.14,V,4,C,35
2019-12-31,1487,90,1138.29,V,4,A,35
2019-12-31,217,0,209.07,U,5,B,25
2020-01-01,84,2,44.09,U,5,C,25
2020-01-01,9,0,5.94,V,4,H,35
2020-01-02,756,9,561.43,V,4,C,35
2020-01-02,60,0,52.02,U,5,B,25
2020-01-02,558,39,533.81,V,4,A,35
2020-01-03,985,18,834.8,V,4,C,35
2020-01-03,229,16,120.62,U,2,C,25
2020-01-03,23,4,20.01,W,1,C,40
2020-01-06,216,4,160.46,U,5,C,25
2020-01-07,1287,72,1698.53,Y,3,A,25
2020-01-07,131,0,116.04,U,5,B,25
2020-01-08,123,5,204.61,Y,3,A,25
2020-01-08,94,5,62.77,Y,3,C,25
2020-01-10,1497,42,1175.56,U,2,C,25
2020-01-12,14,2,13.52,U,5,A,25
2020-01-13,710,8,546.93,U,5,C,25
2020-01-13,5,0,4.24,V,4,B,35
2020-01-13,3,0,2.52,U,2,E,25
2020-01-14,618,18,828.78,U,5,A,25
2020-01-14,259,2,175.05,Y,3,B,25
2020-01-14,20,2,17.17,U,2,E,25
2019-10-17,4,0,3.2,U,2,C,25
2019-10-17,4,0,4.21,W,1,F,40
2019-10-19,1,0,1.18,W,1,F,40
2019-10-24,2,0,2.19,U,2,B,25
2019-10-25,5,3,3.29,U,2,C,25
2019-10-27,7,0,6.26,T,6,C,25
2019-10-30,2,2,0.66,U,5,A,25
2019-10-31,8,0,8.13,T,6,B,25
2019-11-04,31,3,26.66,U,2,B,25
2019-11-07,2,0,1.72,W,1,F,40
2019-11-25,8,4,7.67,T,6,C,25
2019-11-25,8,0,9.01,V,4,E,35
2019-12-07,8,0,9.03,Y,3,B,25
2019-12-16,6,0,5.93,T,6,B,25
2019-12-17,9,2,8.41,T,6,C,25
2019-12-15,4,0,8.0,V,4,A,35
2019-12-19,4,0,3.43,U,2,E,25
2019-12-24,5,1,2.32,W,1,B,40
2020-01-05,5,1,4.42,U,2,B,25
2020-01-06,4,1,2.33,W,1,B,40
2020-01-06,10,1,9.77,Y,3,C,25
2020-01-12,2,0,1.99,V,4,H,35
2019-10-30,6,0,3.35,U,5,C,25
2019-11-10,2,5,1.91,T,6,A,25
2019-11-20,3,0,3.55,W,1,H,40
2019-12-06,3,1,4.07,V,4,A,35
2019-12-15,6,0,5.69,T,6,B,25
2020-01-04,3,0,2.93,Y,3,C,25
2019-10-20,2,0,1.7,V,4,D,35
2019-11-15,1,0,1.17,W,1,H,40
2019-11-25,2,0,2.48,W,1,H,40
2019-12-07,2,0,1.69,V,4,E,35
2019-12-18,1,0,0.85,V,4,H,35
2020-01-08,4,0,2.94,U,2,A,25
2019-11-08,2,13,1.98,T,6,E,25
2019-11-10,1,0,1.0,Y,3,H,25
2019-11-14,4,9,1.66,T,7,A,15
2019-11-15,1,1,0.4,T,7,E,15
2019-11-21,2,2,1.82,T,7,C,15
2019-12-14,2,5,1.71,V,4,A,35
2019-12-18,3,2,2.92,T,6,E,25
2019-10-31,1,0,1.18,W,1,F,40
2019-11-02,12,15,12.48,T,6,A,25
2019-11-03,9,6,8.69,T,6,E,25
2019-11-07,4,1,4.03,U,2,E,25
2019-11-08,6,2,3.02,T,7,A,15
2019-11-12,7,8,6.82,T,6,E,25
2019-11-20,2,6,1.31,U,2,C,25
2019-11-21,15,16,14.13,T,6,A,25
2019-11-30,6,0,5.99,T,6,B,25
2019-12-02,14,7,9.54,W,1,D,40
2019-12-04,7,4,4.76,V,4,A,35
2019-12-07,18,3,16.66,T,6,C,25
2019-12-12,6,15,5.48,Y,3,A,25
2019-12-16,1,0,0.99,T,6,E,25
2020-01-03,7,0,5.61,Y,3,E,25
2020-01-05,6,1,4.7,V,4,H,35
2020-01-09,2,0,1.16,W,1,B,40
2020-01-13,1,0,0.41,V,4,F,35
2019-10-19,1,0,1.03,U,5,E,25
2019-10-25,1,2,0.92,T,6,A,25
2019-11-11,7,0,2.85,T,7,B,15
2019-11-15,2,4,1.35,U,2,C,25
2019-12-04,4,2,3.94,T,6,E,25
2019-12-28,1,0,0.41,U,2,E,25
2020-01-07,6,0,1.2,U,2,A,25
2020-01-12,4,1,3.48,V,4,B,35
2019-10-29,3,0,3.36,W,1,H,40
2019-11-27,2,0,2.51,W,1,H,40
2019-11-27,1,2,1.5,U,2,C,25
2019-12-09,2,2,0.9,W,1,D,40
2019-12-18,9,0,10.03,W,1,H,40
2019-10-23,2,0,2.37,W,1,F,40
2019-11-12,9,0,3.59,T,7,B,15
2019-12-12,1,1,0.93,T,6,E,25
2019-12-02,1,0,0.88,Y,3,B,25
2020-01-08,2,1,1.23,V,4,F,35
2019-12-14,1,4,0.91,T,6,A,25
2019-12-31,2,0,1.83,V,4,H,35
2020-01-14,2,0,1.99,V,4,H,35
2019-12-12,1,2,0.32,W,1,D,40
2019-12-30,1,0,1.03,U,5,D,25
2020-01-04,1,0,1.03,U,5,B,25
2020-01-09,1,0,0.41,V,4,F,35
2019-10-16,1,0,1.16,W,1,H,40
2019-11-04,1,1,0.25,U,5,A,25
2019-10-20,1,0,0.58,T,7,C,15
2019-11-01,1,0,1.12,W,1,F,40
2019-12-30,138,11,138.21,Marketing,new_client,A,18
2020-01-07,410,63,520.61,Marketing,new_client,A,18
2020-01-10,41,8,26.92,Marketing,new_client,A,18
2020-01-09,2,0,1.42,Marketing,new_client,A,18
2019-12-16,179,25,135.86,Marketing,new_client,A,18
2019-12-23,83,6,74.04,Marketing,new_client,A,18
2019-12-26,102,9,107.13,Marketing,new_client,A,18
2019-12-29,95,6,98.48,Marketing,new_client,A,18
2019-12-18,70,12,43.36,Marketing,new_client,A,18
2020-01-06,46,7,24.46,Marketing,new_client,A,18
2019-12-22,7,0,4.91,Marketing,new_client,A,18
2020-01-12,5,0,3.69,Marketing,new_client,A,18
2019-12-25,38,5,38.67,Marketing,new_client,A,18
2020-01-01,111,8,51.25,Marketing,new_client,A,18
2020-01-08,29,8,22.97,Marketing,new_client,A,18
2020-01-11,119,6,87.27,Marketing,new_client,A,18
2020-01-13,580,44,282.32,Marketing,new_client,A,18
2019-12-19,36,3,21.13,Marketing,new_client,A,18
2019-12-28,107,5,114.5,Marketing,new_client,A,18
2020-01-02,225,18,106.5,Marketing,new_client,A,18
2019-12-21,12,1,7.63,Marketing,new_client,A,18
2019-12-17,120,11,91.43,Marketing,new_client,A,18
2020-01-03,48,12,21.44,Marketing,new_client,A,18
2020-01-14,3,2,1.22,Marketing,new_client,A,18
2019-12-20,20,1,13.78,Marketing,new_client,A,18
2019-12-24,138,4,142.51,Marketing,new_client,A,18
2019-12-27,167,9,165.52,Marketing,new_client,A,18
2019-12-31,206,28,125.61,Marketing,new_client,A,18
